species,source,n,P99,P99.5,P99.9
Abiotrophia_Defectiva,DRIAMS,9,100.0,100.0,100.0
Achromobacter_Denitrificans,MS-UMG,2,100.0,100.0,100.0
Achromobacter_Insolitus,DRIAMS,18,100.0,100.0,100.0
Achromobacter_Insolitus,MARISMA,2,100.0,100.0,100.0
Achromobacter_Insolitus,MS-UMG,4,100.0,100.0,100.0
Achromobacter_Mucicolens,MARISMA,1,100.0,100.0,100.0
Achromobacter_Piechaudii,MS-UMG,3,100.0,100.0,100.0
Achromobacter_Spanius,DRIAMS,3,100.0,100.0,100.0
Achromobacter_Spanius,MS-UMG,1,100.0,100.0,100.0
Achromobacter_Species,MS-UMG,1,100.0,100.0,100.0
Achromobacter_Xylosoxidans,DRIAMS,122,100.0,100.0,100.0
Achromobacter_Xylosoxidans,MARISMA,35,100.0,100.0,100.0
Achromobacter_Xylosoxidans,MS-UMG,34,100.0,100.0,100.0
Achromobacter_Xylosoxidans,RKI,14,100.0,100.0,100.0
Acidovorax_Temperans,DRIAMS,5,100.0,100.0,100.0
Acidovorax_Temperans,MS-UMG,3,100.0,100.0,100.0
Acinetobacter_Baumannii,DRIAMS,58,100.0,100.0,82.8
Acinetobacter_Baumannii,MARISMA,31,90.3,87.1,48.4
Acinetobacter_Baumannii,MS-UMG,306,61.4,55.9,40.5
Acinetobacter_Baumannii,RKI,40,100.0,100.0,90.0
Acinetobacter_Baylyi,MS-UMG,2,100.0,100.0,50.0
Acinetobacter_Bereziniae,DRIAMS,1,100.0,100.0,100.0
Acinetobacter_Bereziniae,MARISMA,4,100.0,100.0,100.0
Acinetobacter_Bereziniae,MS-UMG,25,100.0,100.0,92.0
Acinetobacter_Calcoaceticus,DRIAMS,6,100.0,100.0,100.0
Acinetobacter_Dispersus,MS-UMG,2,100.0,100.0,100.0
Acinetobacter_Guillouiae,DRIAMS,1,100.0,100.0,100.0
Acinetobacter_Haemolyticus,DRIAMS,4,100.0,100.0,100.0
Acinetobacter_Haemolyticus,MARISMA,2,100.0,100.0,100.0
Acinetobacter_Haemolyticus,MS-UMG,1,100.0,100.0,100.0
Acinetobacter_Johnsonii,DRIAMS,13,100.0,92.3,92.3
Acinetobacter_Johnsonii,MS-UMG,27,96.3,96.3,88.9
Acinetobacter_Junii,DRIAMS,28,96.4,96.4,92.9
Acinetobacter_Junii,MS-UMG,10,100.0,100.0,100.0
Acinetobacter_Lwoffii,DRIAMS,6,100.0,100.0,100.0
Acinetobacter_Lwoffii,MS-UMG,12,100.0,91.7,83.3
Acinetobacter_Lwoffii,RKI,8,100.0,100.0,100.0
Acinetobacter_Nosocomialis,DRIAMS,4,100.0,100.0,100.0
Acinetobacter_Nosocomialis,MARISMA,2,100.0,100.0,100.0
Acinetobacter_Parvus,DRIAMS,4,100.0,100.0,100.0
Acinetobacter_Parvus,MS-UMG,1,100.0,100.0,100.0
Acinetobacter_Pittii,DRIAMS,74,100.0,100.0,93.2
Acinetobacter_Pittii,MARISMA,3,100.0,66.7,66.7
Acinetobacter_Pittii,RKI,8,100.0,100.0,75.0
Acinetobacter_Proteolyticus,MS-UMG,10,100.0,100.0,100.0
Acinetobacter_Radioresistens,DRIAMS,1,100.0,100.0,100.0
Acinetobacter_Radioresistens,MS-UMG,14,100.0,100.0,85.7
Acinetobacter_Schindleri,MS-UMG,1,100.0,100.0,100.0
Acinetobacter_Sp,DRIAMS,50,96.0,94.0,86.0
Acinetobacter_Species,MS-UMG,4,100.0,100.0,75.0
Acinetobacter_Towneri,MS-UMG,1,100.0,100.0,100.0
Acinetobacter_Ursingii,DRIAMS,34,97.1,97.1,97.1
Acinetobacter_Ursingii,MARISMA,5,100.0,100.0,80.0
Acinetobacter_Ursingii,MS-UMG,26,26.9,19.2,11.5
Actinobacillus_Ureae,DRIAMS,2,100.0,100.0,100.0
Actinomyces_Funkei,DRIAMS,1,100.0,100.0,0.0
Actinomyces_Funkei,MS-UMG,1,0.0,0.0,0.0
Actinomyces_Meyeri,DRIAMS,8,87.5,87.5,75.0
Actinomyces_Neuii,DRIAMS,37,86.5,86.5,67.6
Actinomyces_Odontolyticus,DRIAMS,48,100.0,97.9,91.7
Actinomyces_Oris,DRIAMS,22,100.0,100.0,100.0
Actinomyces_Oris,MARISMA,1,100.0,100.0,100.0
Actinomyces_Species,MS-UMG,6,83.3,83.3,50.0
Actinomyces_Turicensis,DRIAMS,17,100.0,100.0,94.1
Actinotignum_Sanguinis,DRIAMS,23,100.0,100.0,78.3
Actinotignum_Schaalii,DRIAMS,41,100.0,95.1,90.2
Actinotignum_Schaalii,MARISMA,1,100.0,100.0,100.0
Actinotignum_Schaalii,MS-UMG,3,0.0,0.0,0.0
Advenella_Kashmirensis,MS-UMG,6,100.0,100.0,100.0
Aerococcus_Christensenii,DRIAMS,4,100.0,100.0,100.0
Aerococcus_Christensenii,MS-UMG,1,100.0,100.0,100.0
Aerococcus_Sanguinicola,DRIAMS,55,94.5,94.5,92.7
Aerococcus_Sanguinicola,MARISMA,34,100.0,100.0,97.1
Aerococcus_Sanguinicola,MS-UMG,18,77.8,66.7,50.0
Aerococcus_Species,MS-UMG,1,0.0,0.0,0.0
Aerococcus_Urinae,DRIAMS,95,95.8,94.7,86.3
Aerococcus_Urinae,MARISMA,144,97.2,97.2,93.8
Aerococcus_Urinae,MS-UMG,410,82.2,76.1,61.7
Aerococcus_Viridans,DRIAMS,7,100.0,100.0,100.0
Aerococcus_Viridans,MARISMA,9,100.0,100.0,77.8
Aerococcus_Viridans,MS-UMG,9,100.0,100.0,66.7
Aeromonas_Caviae,DRIAMS,7,100.0,100.0,100.0
Aeromonas_Caviae,MARISMA,4,100.0,100.0,75.0
Aeromonas_Encheleia,DRIAMS,2,100.0,100.0,100.0
Aeromonas_Hydrophila,DRIAMS,3,100.0,100.0,100.0
Aeromonas_Hydrophila,MS-UMG,34,100.0,100.0,100.0
Aeromonas_Hydrophila,RKI,36,100.0,100.0,100.0
Aeromonas_Ichthiosmia,DRIAMS,1,100.0,100.0,100.0
Aeromonas_Media,DRIAMS,1,100.0,100.0,100.0
Aeromonas_Salmonicida,DRIAMS,1,100.0,100.0,100.0
Aeromonas_Veronii,DRIAMS,4,100.0,100.0,100.0
Aeromonas_Veronii,MARISMA,15,100.0,100.0,100.0
Aeromonas_Veronii,RKI,4,100.0,100.0,100.0
Aggregatibacter_Actinomycetemcomitans,DRIAMS,3,100.0,100.0,100.0
Aggregatibacter_Aphrophilus,DRIAMS,36,100.0,100.0,100.0
Aggregatibacter_Aphrophilus,MARISMA,2,100.0,100.0,100.0
Aggregatibacter_Aphrophilus,MS-UMG,4,100.0,100.0,100.0
Aggregatibacter_Segnis,DRIAMS,7,100.0,100.0,85.7
Aggregatibacter_Segnis,MARISMA,3,100.0,100.0,100.0
Alcaligenes_Faecalis,DRIAMS,13,100.0,100.0,100.0
Alcaligenes_Faecalis,MARISMA,20,100.0,100.0,90.0
Alcaligenes_Faecalis,MS-UMG,86,97.7,95.3,93.0
Alcaligenes_Faecalis,RKI,12,100.0,100.0,100.0
Alcaligenes_Species,MS-UMG,1,100.0,100.0,100.0
Aliarcobacter_Butzleri,MARISMA,2,100.0,100.0,100.0
Alkalihalobacillus_Clausii,RKI,22,100.0,100.0,100.0
Alkalihalobacillus_Halodurans,RKI,36,100.0,100.0,100.0
Alkalihalobacillus_Okuhidensis,RKI,12,100.0,100.0,100.0
Allofrancisella_Guangzhouensis,RKI,12,100.0,100.0,100.0
Alloiococcus_Otitis,MARISMA,2,100.0,100.0,100.0
Alloscardovia_Omnicolens,DRIAMS,1,100.0,100.0,0.0
Anaerococcus_Hydrogenalis,DRIAMS,1,100.0,100.0,100.0
Anaerococcus_Murdochii,DRIAMS,7,100.0,100.0,100.0
Anaerococcus_Murdochii,MARISMA,2,100.0,100.0,100.0
Anaerococcus_Sp,DRIAMS,7,100.0,100.0,100.0
Anaerococcus_Vaginalis,DRIAMS,20,100.0,95.0,90.0
Arcanobacterium_Haemolyticum,DRIAMS,1,100.0,100.0,100.0
Arcanobacterium_Haemolyticum,MARISMA,1,100.0,100.0,100.0
Arcobacter_Butzleri,DRIAMS,16,100.0,100.0,100.0
Arthrobacter_Cumminsii,DRIAMS,8,100.0,100.0,100.0
Aspergillus_Fumigatus,MARISMA,6,100.0,100.0,100.0
Aspergillus_Fumigatus,MS-UMG,1,100.0,100.0,100.0
Aspergillus_Nidulans,MARISMA,2,100.0,100.0,100.0
Atopobium_Parvulum,DRIAMS,2,100.0,100.0,100.0
Auritidibacter_Ignavus,MARISMA,1,100.0,100.0,100.0
Bacillus_Altitudinis,DRIAMS,1,100.0,100.0,100.0
Bacillus_Alveayuensis,RKI,12,100.0,100.0,100.0
Bacillus_Aminovorans,RKI,24,100.0,100.0,100.0
Bacillus_Badius,RKI,21,100.0,100.0,100.0
Bacillus_Cereus,DRIAMS,52,100.0,100.0,100.0
Bacillus_Cereus,MARISMA,3,100.0,100.0,100.0
Bacillus_Cereus,MS-UMG,45,97.8,97.8,82.2
Bacillus_Circulans,DRIAMS,2,100.0,100.0,100.0
Bacillus_Circulans,MS-UMG,6,83.3,83.3,83.3
Bacillus_Ectoiniformans,RKI,20,100.0,100.0,100.0
Bacillus_Endophyticus,DRIAMS,2,100.0,100.0,100.0
Bacillus_Firmus,DRIAMS,2,100.0,100.0,100.0
Bacillus_Flexus,MS-UMG,1,0.0,0.0,0.0
Bacillus_Gobiensis,RKI,12,100.0,100.0,100.0
Bacillus_Halosaccharovorans,MS-UMG,1,100.0,100.0,100.0
Bacillus_Infantis,MS-UMG,2,100.0,100.0,100.0
Bacillus_Infantis,RKI,12,100.0,100.0,100.0
Bacillus_Licheniformis,DRIAMS,1,100.0,100.0,100.0
Bacillus_Megaterium,MS-UMG,1,100.0,100.0,0.0
Bacillus_Mojavensis,DRIAMS,2,100.0,100.0,100.0
Bacillus_Mycoides,DRIAMS,9,100.0,100.0,100.0
Bacillus_Okuhidensis,MS-UMG,1,0.0,0.0,0.0
Bacillus_Pumilus,DRIAMS,17,100.0,100.0,100.0
Bacillus_Pumilus,MARISMA,1,100.0,100.0,100.0
Bacillus_Pumilus,MS-UMG,1,100.0,100.0,100.0
Bacillus_Simplex,MS-UMG,8,37.5,37.5,25.0
Bacillus_Species,MS-UMG,12,58.3,41.7,33.3
Bacillus_Spp,RKI,12,100.0,100.0,100.0
Bacillus_Subtilis,DRIAMS,3,100.0,100.0,100.0
Bacillus_Subtilis,MS-UMG,15,80.0,80.0,73.3
Bacillus_Taeanensis,RKI,12,100.0,100.0,100.0
Bacillus_Thuringiensis,DRIAMS,6,100.0,100.0,100.0
Bacillus_Vallismortis,DRIAMS,2,100.0,100.0,100.0
Bacillus_Weihenstephanensis,DRIAMS,2,100.0,100.0,100.0
Bacillus_Weihenstephanensis,MS-UMG,1,100.0,100.0,100.0
Bacillus_Zeae,RKI,12,100.0,100.0,100.0
Bacteroides_Caccae,DRIAMS,3,100.0,100.0,100.0
Bacteroides_Faecis,DRIAMS,10,100.0,100.0,100.0
Bacteroides_Fragilis,DRIAMS,72,100.0,97.2,97.2
Bacteroides_Fragilis,MARISMA,1,100.0,100.0,100.0
Bacteroides_Fragilis,MS-UMG,5,100.0,100.0,100.0
Bacteroides_Fragilis,RKI,4,100.0,100.0,100.0
Bacteroides_Nordii,MS-UMG,1,100.0,100.0,100.0
Bacteroides_Ovatus,DRIAMS,9,100.0,100.0,100.0
Bacteroides_Pyogenes,DRIAMS,1,100.0,100.0,100.0
Bacteroides_Pyogenes,MARISMA,1,100.0,100.0,100.0
Bacteroides_Stercoris,DRIAMS,1,100.0,100.0,100.0
Bacteroides_Thetaiotaomicron,DRIAMS,9,100.0,100.0,100.0
Bacteroides_Thetaiotaomicron,MARISMA,2,100.0,100.0,100.0
Bacteroides_Thetaiotaomicron,MS-UMG,2,100.0,100.0,100.0
Bacteroides_Uniformis,DRIAMS,7,100.0,100.0,85.7
Bacteroides_Vulgatus,DRIAMS,12,100.0,100.0,100.0
Bartonella_Bacilliformis,RKI,12,58.3,25.0,0.0
Bartonella_Grahamii,RKI,12,100.0,100.0,100.0
Bartonella_Henselae,RKI,36,100.0,100.0,100.0
Bartonella_Quintana,RKI,12,100.0,100.0,91.7
Bartonella_Vinsonii,RKI,12,0.0,0.0,0.0
Bergeyella_Zoohelcum,DRIAMS,11,100.0,100.0,100.0
Bergeyella_Zoohelcum,MS-UMG,1,100.0,100.0,100.0
Bifidobacterium_Breve,DRIAMS,4,100.0,100.0,100.0
Bifidobacterium_Dentium,DRIAMS,10,100.0,90.0,60.0
Bifidobacterium_Longum,DRIAMS,10,90.0,90.0,90.0
Bifidobacterium_Pseudocatenulatum,DRIAMS,4,100.0,100.0,100.0
Bilophila_Wadsworthia,DRIAMS,3,66.7,66.7,66.7
Bordetella_Bronchiseptica,DRIAMS,1,100.0,100.0,100.0
Bordetella_Bronchiseptica,MARISMA,1,100.0,100.0,100.0
Bordetella_Hinzii,MARISMA,2,100.0,100.0,100.0
Bordetella_Holmesii,MARISMA,2,100.0,100.0,100.0
Bordetella_Petrii,DRIAMS,2,100.0,100.0,100.0
Bordetella_Trematum,DRIAMS,2,100.0,100.0,100.0
Bordetella_Trematum,MS-UMG,1,100.0,100.0,100.0
Brevibacillus_Brevis,DRIAMS,1,100.0,100.0,100.0
Brevibacillus_Parabrevis,RKI,8,50.0,25.0,12.5
Brevibacillus_Porteri,RKI,16,75.0,62.5,25.0
Brevibacillus_Sp,RKI,40,95.0,95.0,95.0
Brevibacterium_Casei,DRIAMS,3,100.0,100.0,100.0
Brevibacterium_Celere,DRIAMS,1,100.0,100.0,100.0
Brevibacterium_Paucivorans,DRIAMS,4,100.0,100.0,100.0
Brevibacterium_Ravenspurgense,DRIAMS,6,100.0,100.0,100.0
Brevibacterium_Ravenspurgense,MARISMA,2,100.0,100.0,100.0
Brevundimonas_Aurantiaca,MS-UMG,3,100.0,100.0,100.0
Brevundimonas_Diminuta,DRIAMS,4,100.0,100.0,100.0
Brevundimonas_Diminuta,MS-UMG,5,100.0,100.0,80.0
Brevundimonas_Diminuta/vesicularis,MS-UMG,2,100.0,100.0,100.0
Brucella_Abortus,RKI,273,100.0,100.0,100.0
Brucella_Canis,RKI,78,100.0,100.0,100.0
Brucella_Ceti,RKI,92,100.0,100.0,100.0
Brucella_Inopinata,RKI,20,100.0,100.0,100.0
Brucella_Intermedia,RKI,12,100.0,100.0,100.0
Brucella_Melitensis,RKI,171,100.0,100.0,100.0
Brucella_Microtii,RKI,41,100.0,100.0,100.0
Brucella_Neotomae,RKI,56,100.0,100.0,100.0
Brucella_Ovis,RKI,66,100.0,100.0,100.0
Brucella_Pinnipedalis,RKI,54,100.0,100.0,100.0
Brucella_Sp,RKI,102,100.0,100.0,100.0
Brucella_Suis,RKI,96,100.0,100.0,100.0
Brucella_Vulpis,RKI,12,100.0,100.0,100.0
Burkholderia_Ambifaria,DRIAMS,5,100.0,100.0,100.0
Burkholderia_Ambifaria,RKI,37,100.0,100.0,100.0
Burkholderia_Anthina,DRIAMS,2,100.0,100.0,100.0
Burkholderia_Anthina,RKI,11,100.0,100.0,100.0
Burkholderia_Arboris,RKI,16,100.0,100.0,100.0
Burkholderia_Cenocepacia,DRIAMS,6,100.0,100.0,100.0
Burkholderia_Cenocepacia,RKI,58,100.0,100.0,100.0
Burkholderia_Cepacia,DRIAMS,3,100.0,100.0,100.0
Burkholderia_Cepacia,MS-UMG,6,100.0,100.0,100.0
Burkholderia_Cepacia,RKI,29,100.0,100.0,100.0
Burkholderia_Contaminans,RKI,235,100.0,100.0,100.0
Burkholderia_Diffusa,RKI,24,100.0,100.0,100.0
Burkholderia_Dolosa,RKI,31,100.0,100.0,100.0
Burkholderia_Gladioli,DRIAMS,5,100.0,100.0,100.0
Burkholderia_Gladioli,MS-UMG,6,100.0,100.0,100.0
Burkholderia_Gladioli,RKI,12,100.0,100.0,100.0
Burkholderia_Glumae,RKI,6,100.0,100.0,100.0
Burkholderia_Lata,RKI,28,100.0,100.0,100.0
Burkholderia_Latens,DRIAMS,1,100.0,100.0,100.0
Burkholderia_Latens,RKI,12,100.0,100.0,100.0
Burkholderia_Mallei,RKI,554,100.0,100.0,100.0
Burkholderia_Metallica,RKI,16,100.0,100.0,100.0
Burkholderia_Multivorans,DRIAMS,10,100.0,100.0,100.0
Burkholderia_Multivorans,RKI,38,100.0,100.0,100.0
Burkholderia_Oklahomensis,RKI,18,100.0,100.0,100.0
Burkholderia_Plantarii,RKI,6,100.0,100.0,100.0
Burkholderia_Pseudomallei,RKI,160,100.0,100.0,100.0
Burkholderia_Pseudomultivorans,RKI,36,100.0,100.0,100.0
Burkholderia_Puraquae,RKI,112,100.0,100.0,100.0
Burkholderia_Pyrrocinia,RKI,20,100.0,100.0,100.0
Burkholderia_Seminalis,RKI,6,100.0,100.0,100.0
Burkholderia_Stabilis,RKI,47,100.0,100.0,100.0
Burkholderia_Stagnalis,RKI,24,100.0,100.0,100.0
Burkholderia_Territorii,RKI,24,100.0,100.0,100.0
Burkholderia_Thailandensis,RKI,85,100.0,100.0,100.0
Burkholderia_Tropica,MS-UMG,1,100.0,100.0,100.0
Burkholderia_Ubonensis,RKI,16,100.0,100.0,100.0
Burkholderia_Vietnamiensis,DRIAMS,11,100.0,100.0,100.0
Burkholderia_Vietnamiensis,RKI,14,100.0,100.0,100.0
Burkholderia_Xenovorans,MS-UMG,1,100.0,100.0,100.0
Burkholderia_cepacia_group,DRIAMS,7,100.0,100.0,100.0
Buttiauxella_Gaviniae,MS-UMG,1,100.0,100.0,100.0
Butyricimonas_Virosa,DRIAMS,7,100.0,85.7,85.7
Caballeronia_Glathei,RKI,24,100.0,100.0,100.0
Campylobacter_Coli,DRIAMS,55,100.0,100.0,100.0
Campylobacter_Coli,MARISMA,20,95.0,95.0,95.0
Campylobacter_Concisus,DRIAMS,7,100.0,100.0,100.0
Campylobacter_Fetus,DRIAMS,9,100.0,88.9,88.9
Campylobacter_Fetus,MARISMA,2,100.0,100.0,100.0
Campylobacter_Fetus,MS-UMG,1,100.0,100.0,100.0
Campylobacter_Jejuni,DRIAMS,372,99.7,99.5,98.9
Campylobacter_Jejuni,MARISMA,95,100.0,100.0,98.9
Campylobacter_Jejuni,RKI,10,100.0,100.0,100.0
Campylobacter_Lari,DRIAMS,3,100.0,100.0,100.0
Campylobacter_Rectus,DRIAMS,2,100.0,100.0,100.0
Campylobacter_Upsaliensis,DRIAMS,3,100.0,100.0,100.0
Campylobacter_Ureolyticus,DRIAMS,3,100.0,100.0,100.0
Candida_Africana,MS-UMG,2,50.0,0.0,0.0
Candida_Albicans,MARISMA,17,76.5,64.7,47.1
Candida_Albicans,MS-UMG,1603,50.0,41.7,28.2
Candida_Catenulata,MS-UMG,1,0.0,0.0,0.0
Candida_Dubliniensis,MS-UMG,72,56.9,45.8,30.6
Candida_Glabrata,MARISMA,47,97.9,95.7,89.4
Candida_Glabrata,MS-UMG,619,77.5,71.1,53.8
Candida_Guilliermondii,MS-UMG,10,80.0,80.0,60.0
Candida_Kefyr,MS-UMG,52,75.0,67.3,55.8
Candida_Krusei,MS-UMG,112,83.0,80.4,68.8
Candida_Lusitaniae,MS-UMG,27,74.1,66.7,55.6
Candida_Metapsilosis,MARISMA,1,100.0,100.0,100.0
Candida_Norvegensis,MS-UMG,3,33.3,33.3,33.3
Candida_Parapsilosis,MARISMA,17,88.2,82.4,76.5
Candida_Parapsilosis,MS-UMG,138,83.3,76.8,63.0
Candida_Species,MS-UMG,4,75.0,75.0,75.0
Candida_Tropicalis,MARISMA,8,87.5,87.5,62.5
Candida_Tropicalis,MS-UMG,198,64.6,58.1,47.5
Candida_Utilis,MS-UMG,1,100.0,100.0,0.0
Capnocytophaga_Sp,DRIAMS,3,100.0,100.0,100.0
Capnocytophaga_Sputigena,DRIAMS,14,100.0,100.0,92.9
Cedecea_Davisae,MS-UMG,1,100.0,100.0,100.0
Cedecea_Neteri,MS-UMG,3,100.0,100.0,100.0
Chromobacterium_Species,MS-UMG,2,100.0,100.0,100.0
Chryseobacterium_Gleum,DRIAMS,6,100.0,100.0,100.0
Chryseobacterium_Gleum,MS-UMG,3,100.0,100.0,100.0
Chryseobacterium_Indologenes,DRIAMS,1,100.0,100.0,100.0
Chryseobacterium_Indologenes,MARISMA,2,100.0,100.0,100.0
Chryseobacterium_Indologenes,MS-UMG,17,100.0,100.0,94.1
Chryseobacterium_Joostei,DRIAMS,2,100.0,100.0,100.0
Chryseobacterium_Joostei,MS-UMG,1,100.0,100.0,100.0
Chryseobacterium_Oranimense,MS-UMG,3,100.0,100.0,100.0
Chryseobacterium_Sp,DRIAMS,4,100.0,100.0,100.0
Chryseobacterium_Species,MS-UMG,1,100.0,100.0,100.0
Citrobacter_Amalonaticus,DRIAMS,22,86.4,77.3,50.0
Citrobacter_Amalonaticus,MARISMA,5,100.0,100.0,40.0
Citrobacter_Amalonaticus,MS-UMG,26,80.8,80.8,57.7
Citrobacter_Amalonaticus,RKI,26,92.3,92.3,76.9
Citrobacter_Braakii,DRIAMS,65,100.0,100.0,92.3
Citrobacter_Farmeri,DRIAMS,6,100.0,66.7,16.7
Citrobacter_Farmeri,MARISMA,4,25.0,25.0,25.0
Citrobacter_Freundii,DRIAMS,678,98.7,97.6,91.3
Citrobacter_Freundii,MARISMA,166,98.8,92.8,62.0
Citrobacter_Freundii,MS-UMG,419,97.1,94.7,85.4
Citrobacter_Freundii,RKI,26,100.0,100.0,100.0
Citrobacter_Koseri,DRIAMS,977,83.5,68.0,28.1
Citrobacter_Koseri,MARISMA,223,53.4,42.2,21.1
Citrobacter_Koseri,MS-UMG,549,71.9,59.0,39.3
Citrobacter_Koseri,RKI,18,100.0,100.0,88.9
Citrobacter_Murliniae,DRIAMS,2,100.0,100.0,100.0
Citrobacter_Sedlakii,DRIAMS,2,100.0,100.0,100.0
Citrobacter_Sedlakii,MARISMA,1,100.0,100.0,100.0
Citrobacter_Youngae,DRIAMS,3,100.0,100.0,100.0
Clostridium_Baratii,DRIAMS,1,100.0,100.0,100.0
Clostridium_Cadaveris,DRIAMS,1,100.0,100.0,100.0
Clostridium_Clostridioforme,DRIAMS,1,100.0,100.0,100.0
Clostridium_Clostridioforme,MS-UMG,1,100.0,100.0,100.0
Clostridium_Difficile,DRIAMS,18,100.0,100.0,100.0
Clostridium_Glycolicum,DRIAMS,2,100.0,100.0,100.0
Clostridium_Innocuum,DRIAMS,4,100.0,100.0,100.0
Clostridium_Paraputrificum,DRIAMS,6,100.0,100.0,100.0
Clostridium_Perfringens,DRIAMS,16,100.0,100.0,100.0
Clostridium_Perfringens,MS-UMG,5,60.0,60.0,60.0
Clostridium_Ramosum,DRIAMS,9,100.0,100.0,100.0
Clostridium_Ramosum,MS-UMG,1,100.0,100.0,100.0
Clostridium_Species,MS-UMG,1,100.0,100.0,100.0
Clostridium_Sporogenes,DRIAMS,2,100.0,100.0,100.0
Clostridium_Subterminale,DRIAMS,6,100.0,100.0,100.0
Clostridium_Symbiosum,DRIAMS,6,83.3,83.3,83.3
Comamonas_Aquatica,MS-UMG,1,100.0,100.0,100.0
Comamonas_Kerstersii,DRIAMS,1,100.0,100.0,100.0
Comamonas_Kerstersii,MARISMA,1,100.0,100.0,100.0
Comamonas_Kerstersii,MS-UMG,2,100.0,100.0,100.0
Comamonas_Species,MS-UMG,2,100.0,100.0,100.0
Corynebacterium_Accolens,MARISMA,1,100.0,100.0,100.0
Corynebacterium_Accolens,MS-UMG,23,60.9,34.8,30.4
Corynebacterium_Afermentans,DRIAMS,18,100.0,100.0,77.8
Corynebacterium_Afermentans,MS-UMG,12,33.3,33.3,33.3
Corynebacterium_Ammoniagenes,MS-UMG,2,100.0,50.0,50.0
Corynebacterium_Amycolatum,DRIAMS,58,100.0,98.3,93.1
Corynebacterium_Amycolatum,MARISMA,13,100.0,100.0,100.0
Corynebacterium_Amycolatum,MS-UMG,168,79.2,70.2,50.0
Corynebacterium_Amycolatum,RKI,14,100.0,85.7,71.4
Corynebacterium_Argentoratense,MS-UMG,1,100.0,100.0,100.0
Corynebacterium_Aurimucosum,DRIAMS,32,100.0,100.0,100.0
Corynebacterium_Aurimucosum,MARISMA,1,100.0,100.0,100.0
Corynebacterium_Aurimucosum,MS-UMG,33,93.9,87.9,81.8
Corynebacterium_Bovis,DRIAMS,4,100.0,100.0,100.0
Corynebacterium_Bovis,MARISMA,4,100.0,100.0,100.0
Corynebacterium_Bovis,MS-UMG,1,0.0,0.0,0.0
Corynebacterium_Confusum,DRIAMS,3,100.0,100.0,100.0
Corynebacterium_Confusum,MS-UMG,1,0.0,0.0,0.0
Corynebacterium_Coyleae,DRIAMS,5,100.0,100.0,100.0
Corynebacterium_Coyleae,MARISMA,2,100.0,100.0,50.0
Corynebacterium_Coyleae,MS-UMG,16,62.5,62.5,43.8
Corynebacterium_Diphtheriae,DRIAMS,4,100.0,100.0,100.0
Corynebacterium_Diphtheriae,MS-UMG,1,100.0,100.0,100.0
Corynebacterium_Diphtheriae,RKI,12,100.0,100.0,100.0
Corynebacterium_Frankenforstense,MS-UMG,2,100.0,100.0,100.0
Corynebacterium_Freneyi,MS-UMG,3,100.0,100.0,66.7
Corynebacterium_Glucuronolyticum,DRIAMS,24,100.0,100.0,100.0
Corynebacterium_Glucuronolyticum,MARISMA,3,33.3,33.3,33.3
Corynebacterium_Glucuronolyticum,MS-UMG,5,60.0,60.0,40.0
Corynebacterium_Imitans,DRIAMS,4,75.0,75.0,75.0
Corynebacterium_Imitans,MS-UMG,8,75.0,62.5,62.5
Corynebacterium_Jeikeium,DRIAMS,24,95.8,95.8,79.2
Corynebacterium_Jeikeium,MARISMA,1,100.0,100.0,100.0
Corynebacterium_Jeikeium,MS-UMG,12,50.0,41.7,33.3
Corynebacterium_Kroppenstedtii,DRIAMS,6,83.3,83.3,66.7
Corynebacterium_Kroppenstedtii,MARISMA,3,100.0,100.0,100.0
Corynebacterium_Kroppenstedtii,MS-UMG,5,40.0,40.0,40.0
Corynebacterium_Lipophiloflavum,MS-UMG,1,100.0,100.0,0.0
Corynebacterium_Macginleyi,DRIAMS,2,100.0,100.0,100.0
Corynebacterium_Macginleyi,MARISMA,1,100.0,100.0,100.0
Corynebacterium_Minutissimum,MS-UMG,5,80.0,80.0,60.0
Corynebacterium_Mucifaciens,DRIAMS,4,100.0,100.0,100.0
Corynebacterium_Mucifaciens,MARISMA,4,100.0,100.0,100.0
Corynebacterium_Pilbarense,MS-UMG,1,0.0,0.0,0.0
Corynebacterium_Propinquum,DRIAMS,9,77.8,77.8,66.7
Corynebacterium_Propinquum,MARISMA,17,100.0,100.0,94.1
Corynebacterium_Propinquum,MS-UMG,16,100.0,87.5,75.0
Corynebacterium_Pseudodiphtheriticum,DRIAMS,14,100.0,100.0,100.0
Corynebacterium_Pseudodiphtheriticum,MARISMA,5,100.0,100.0,100.0
Corynebacterium_Pseudodiphtheriticum,MS-UMG,17,100.0,100.0,88.2
Corynebacterium_Pseudotuberculosis,RKI,4,100.0,100.0,100.0
Corynebacterium_Pyruviciproducens,DRIAMS,8,100.0,62.5,50.0
Corynebacterium_Resistens,DRIAMS,1,100.0,100.0,100.0
Corynebacterium_Resistens,MS-UMG,5,40.0,40.0,20.0
Corynebacterium_Riegelii,DRIAMS,2,100.0,100.0,50.0
Corynebacterium_Simulans,DRIAMS,26,88.5,88.5,76.9
Corynebacterium_Simulans,MARISMA,3,100.0,100.0,100.0
Corynebacterium_Simulans,MS-UMG,22,77.3,68.2,59.1
Corynebacterium_Singulare,DRIAMS,2,100.0,100.0,100.0
Corynebacterium_Singulare,MS-UMG,1,100.0,100.0,0.0
Corynebacterium_Sp,DRIAMS,3,100.0,100.0,100.0
Corynebacterium_Species,MS-UMG,80,55.0,48.8,38.8
Corynebacterium_Striatum,DRIAMS,24,100.0,100.0,100.0
Corynebacterium_Striatum,MARISMA,46,100.0,100.0,100.0
Corynebacterium_Striatum,MS-UMG,236,89.0,85.6,75.8
Corynebacterium_Suicordis,MARISMA,1,100.0,100.0,0.0
Corynebacterium_Sundsvallense,DRIAMS,6,100.0,100.0,100.0
Corynebacterium_Tuberculostearicum,DRIAMS,137,91.2,83.2,71.5
Corynebacterium_Tuberculostearicum,MARISMA,3,100.0,100.0,100.0
Corynebacterium_Tuberculostearicum,MS-UMG,135,53.3,43.0,28.1
Corynebacterium_Ulcerans,DRIAMS,1,100.0,100.0,100.0
Corynebacterium_Ulcerans,RKI,4,100.0,100.0,100.0
Corynebacterium_Urealyticum,DRIAMS,4,100.0,100.0,100.0
Corynebacterium_Urealyticum,MARISMA,9,88.9,88.9,55.6
Corynebacterium_Urealyticum,MS-UMG,8,87.5,87.5,62.5
Corynebacterium_lipophile_group_f1,DRIAMS,7,100.0,100.0,100.0
Cronobacter_Sakazakii,DRIAMS,3,100.0,100.0,66.7
Cronobacter_Sakazakii,RKI,2,100.0,100.0,100.0
Cronobacter_Sp,MARISMA,1,100.0,100.0,100.0
Cronobacter_Spec.,MS-UMG,1,100.0,100.0,100.0
Cupriavidus_Pauculus,MARISMA,1,100.0,100.0,100.0
Cupriavidus_Pauculus,MS-UMG,1,100.0,100.0,100.0
Cutibacterium_Acnes,MS-UMG,65,75.4,70.8,52.3
Cutibacterium_Acnes,RKI,4,100.0,100.0,100.0
Cytobacillus_Firmus,RKI,22,100.0,100.0,100.0
Cytobacillus_Horneckiae,RKI,26,100.0,100.0,92.3
Delftia_Acidovorans,DRIAMS,5,100.0,100.0,100.0
Delftia_Acidovorans,MARISMA,2,100.0,100.0,100.0
Delftia_Acidovorans,MS-UMG,9,100.0,100.0,88.9
Dermabacter_Hominis,DRIAMS,46,97.8,97.8,93.5
Dermabacter_Hominis,MARISMA,3,100.0,100.0,100.0
Dermacoccus_Nishinomiyaensis,DRIAMS,2,100.0,100.0,100.0
Dialister_Pneumosintes,DRIAMS,7,85.7,85.7,71.4
Edwardsiella_Tarda,RKI,2,100.0,100.0,100.0
Eggerthella_Lenta,DRIAMS,13,100.0,100.0,92.3
Eggerthella_Species,MS-UMG,2,0.0,0.0,0.0
Eikenella_Corrodens,DRIAMS,25,100.0,100.0,100.0
Eikenella_Corrodens,MARISMA,26,100.0,100.0,100.0
Eikenella_Corrodens,MS-UMG,2,100.0,100.0,100.0
Elizabethkingia_Meningoseptica,MARISMA,1,100.0,100.0,100.0
Elizabethkingia_Meningoseptica,MS-UMG,2,100.0,100.0,100.0
Elizabethkingia_Miricola,MARISMA,3,100.0,100.0,100.0
Elizabethkingia_Miricola,MS-UMG,2,100.0,100.0,100.0
Empedobacter_Brevis,MS-UMG,4,100.0,100.0,100.0
Enterobacter_Aerogenes,DRIAMS,433,63.5,51.0,25.2
Enterobacter_Bugandensis,MARISMA,48,10.4,8.3,2.1
Enterobacter_Cancerogenus,DRIAMS,5,60.0,40.0,40.0
Enterobacter_Species,MS-UMG,2,100.0,100.0,100.0
Enterobacter_Xiangfangensis,MS-UMG,8,50.0,37.5,12.5
Enterobacter_amnigenus_2,MS-UMG,1,100.0,100.0,100.0
Enterococcus_Avium,DRIAMS,83,97.6,95.2,91.6
Enterococcus_Avium,MARISMA,18,100.0,100.0,100.0
Enterococcus_Avium,MS-UMG,150,86.0,82.0,70.7
Enterococcus_Canintestini,MS-UMG,2,100.0,100.0,100.0
Enterococcus_Casseliflavus,DRIAMS,14,100.0,100.0,100.0
Enterococcus_Casseliflavus,MARISMA,14,100.0,100.0,100.0
Enterococcus_Casseliflavus,MS-UMG,40,90.0,82.5,62.5
Enterococcus_Casseliflavus,RKI,3,100.0,100.0,66.7
Enterococcus_Cecorum,MS-UMG,1,100.0,100.0,100.0
Enterococcus_Devriesei,MS-UMG,2,100.0,100.0,100.0
Enterococcus_Dispar,DRIAMS,33,72.7,63.6,42.4
Enterococcus_Dispar,MS-UMG,2,100.0,100.0,100.0
Enterococcus_Durans,DRIAMS,7,85.7,71.4,71.4
Enterococcus_Durans,MARISMA,4,100.0,100.0,100.0
Enterococcus_Durans,MS-UMG,12,66.7,50.0,50.0
Enterococcus_Durans,RKI,3,66.7,66.7,66.7
Enterococcus_Faecalis,DRIAMS,1582,98.2,96.6,91.3
Enterococcus_Faecalis,MARISMA,3136,99.6,99.3,97.5
Enterococcus_Faecalis,MS-UMG,5200,69.2,59.6,39.7
Enterococcus_Faecalis,RKI,30,83.3,73.3,23.3
Enterococcus_Gallinarum,DRIAMS,15,100.0,93.3,86.7
Enterococcus_Gallinarum,MARISMA,23,100.0,100.0,95.7
Enterococcus_Gallinarum,MS-UMG,40,82.5,80.0,55.0
Enterococcus_Gallinarum,RKI,3,66.7,66.7,33.3
Enterococcus_Gilvus,DRIAMS,2,100.0,100.0,100.0
Enterococcus_Gilvus,MS-UMG,3,100.0,100.0,100.0
Enterococcus_Hirae,DRIAMS,18,100.0,100.0,100.0
Enterococcus_Hirae,MARISMA,18,100.0,100.0,100.0
Enterococcus_Hirae,MS-UMG,31,100.0,90.3,83.9
Enterococcus_Hirae,RKI,6,100.0,100.0,100.0
Enterococcus_Malodoratus,DRIAMS,1,100.0,100.0,100.0
Enterococcus_Malodoratus,MARISMA,4,100.0,100.0,100.0
Enterococcus_Malodoratus,MS-UMG,12,83.3,83.3,66.7
Enterococcus_Mundtii,DRIAMS,2,100.0,100.0,100.0
Enterococcus_Mundtii,MARISMA,1,100.0,100.0,100.0
Enterococcus_Mundtii,MS-UMG,2,100.0,100.0,100.0
Enterococcus_Pallens,MARISMA,1,100.0,100.0,100.0
Enterococcus_Pallens,MS-UMG,1,100.0,100.0,100.0
Enterococcus_Phoeniculicola,MS-UMG,1,0.0,0.0,0.0
Enterococcus_Pseudoavium,DRIAMS,1,100.0,100.0,100.0
Enterococcus_Raffinosus,DRIAMS,13,100.0,100.0,100.0
Enterococcus_Raffinosus,MARISMA,8,100.0,100.0,100.0
Enterococcus_Raffinosus,MS-UMG,10,70.0,70.0,70.0
Erwinia_Amylovora,RKI,12,100.0,100.0,100.0
Erwinia_Persicina,DRIAMS,3,100.0,100.0,100.0
Erwinia_Species,MS-UMG,2,100.0,100.0,100.0
Erysipelothrix_Rhusiopathiae,MS-UMG,3,100.0,100.0,66.7
Escherichia_Hermannii,DRIAMS,7,85.7,71.4,57.1
Escherichia_Hermannii,MARISMA,2,50.0,50.0,50.0
Escherichia_Hermannii,MS-UMG,12,91.7,91.7,83.3
Escherichia_Vulneris,MS-UMG,5,100.0,100.0,100.0
Eubacterium_Limosum,DRIAMS,1,100.0,100.0,100.0
Eubacterium_Sp[2],DRIAMS,1,100.0,100.0,100.0
Evansella_Clarkii,RKI,24,100.0,100.0,100.0
Ewingella_Americana,MS-UMG,1,100.0,100.0,0.0
Facklamia_Hominis,DRIAMS,6,100.0,100.0,100.0
Facklamia_Languida,MS-UMG,1,0.0,0.0,0.0
Finegoldia_Magna,DRIAMS,83,100.0,98.8,94.0
Flavobacterium_Species,MS-UMG,1,100.0,100.0,100.0
Francisella_Hispaniensis,RKI,12,100.0,100.0,100.0
Francisella_Noatunensis,RKI,24,100.0,100.0,100.0
Francisella_Orientalis,RKI,12,100.0,100.0,100.0
Francisella_Philomiragia,RKI,16,100.0,100.0,100.0
Francisella_Tularensis,RKI,287,100.0,100.0,100.0
Fusobacterium_Gonidiaformans,DRIAMS,1,100.0,100.0,100.0
Fusobacterium_Necrophorum,DRIAMS,1,100.0,100.0,100.0
Fusobacterium_Necrophorum,MS-UMG,1,100.0,100.0,100.0
Fusobacterium_Nucleatum,DRIAMS,5,100.0,100.0,100.0
Fusobacterium_Periodonticum,DRIAMS,1,100.0,100.0,100.0
Fusobacterium_Sp,DRIAMS,4,100.0,100.0,100.0
Fusobacterium_Sp[2],DRIAMS,1,100.0,100.0,100.0
Gardnerella_Vaginalis,DRIAMS,1,100.0,100.0,100.0
Gemella_Haemolysans,DRIAMS,8,100.0,100.0,100.0
Gemella_Haemolysans,MARISMA,1,100.0,100.0,100.0
Gemella_Haemolysans,MS-UMG,2,0.0,0.0,0.0
Gemella_Morbillorum,DRIAMS,1,100.0,100.0,100.0
Gemella_Sanguinis,DRIAMS,1,100.0,100.0,100.0
Gleimia_Europaea,MARISMA,1,100.0,100.0,100.0
Globicatella_Sanguinis,MS-UMG,1,100.0,100.0,100.0
Glutamicibacter_Nicotianae,RKI,3,100.0,100.0,100.0
Gordonia_Terrae,MARISMA,2,100.0,100.0,100.0
Granulicatella_Adiacens,DRIAMS,28,100.0,96.4,92.9
Granulicatella_Adiacens,MS-UMG,1,100.0,100.0,100.0
Haemophilus_Haemolyticus,DRIAMS,10,100.0,100.0,100.0
Haemophilus_Haemolyticus,MARISMA,12,100.0,100.0,91.7
Haemophilus_Haemolyticus,MS-UMG,4,75.0,75.0,75.0
Haemophilus_Influenzae,DRIAMS,442,99.8,99.5,98.9
Haemophilus_Influenzae,MARISMA,337,100.0,99.4,98.2
Haemophilus_Influenzae,MS-UMG,224,97.3,96.0,85.3
Haemophilus_Influenzae,RKI,4,100.0,100.0,100.0
Haemophilus_Parahaemolyticus,DRIAMS,8,100.0,100.0,100.0
Haemophilus_Parahaemolyticus,MARISMA,5,100.0,100.0,100.0
Haemophilus_Parainfluenzae,DRIAMS,121,98.3,97.5,96.7
Haemophilus_Parainfluenzae,MARISMA,86,100.0,100.0,98.8
Haemophilus_Parainfluenzae,MS-UMG,60,95.0,95.0,93.3
Haemophilus_Pittmaniae,DRIAMS,4,100.0,100.0,100.0
Haemophilus_Sputorum,DRIAMS,1,100.0,100.0,100.0
Haemophilus_Sputorum,MARISMA,1,100.0,100.0,100.0
Hafnia_Alvei,DRIAMS,100,100.0,100.0,100.0
Hafnia_Alvei,MARISMA,28,100.0,100.0,92.9
Hafnia_Alvei,MS-UMG,116,94.8,92.2,85.3
Hafnia_Alvei,RKI,1,100.0,100.0,100.0
Helcococcus_Kunzii,DRIAMS,2,100.0,100.0,100.0
Helcococcus_Kunzii,MS-UMG,1,0.0,0.0,0.0
Helicobacter_Pylori,MARISMA,9,100.0,100.0,100.0
Heyndrickxia_Sporothermodurans,RKI,12,100.0,100.0,100.0
Inquilinus_Limosus,RKI,5,100.0,100.0,100.0
Kalamiella_Piersonii,MARISMA,1,100.0,100.0,100.0
Kazachstania_Slooffiae,MS-UMG,2,100.0,100.0,100.0
Kerstersia_Gyiorum,MS-UMG,9,100.0,100.0,100.0
Kingella_Kingae,DRIAMS,5,100.0,100.0,100.0
Kingella_Kingae,MARISMA,2,100.0,100.0,100.0
Kingella_Oralis,DRIAMS,7,100.0,100.0,100.0
Klebsiella_Aerogenes,MARISMA,209,80.9,67.9,38.8
Klebsiella_Aerogenes,MS-UMG,443,99.8,99.5,96.2
Klebsiella_Aerogenes,RKI,26,100.0,100.0,100.0
Klebsiella_Michiganensis,RKI,30,100.0,100.0,100.0
Klebsiella_Oxytoca,DRIAMS,919,94.0,89.7,72.0
Klebsiella_Oxytoca,MARISMA,344,92.4,83.1,51.7
Klebsiella_Oxytoca,MS-UMG,1449,96.1,93.4,84.5
Klebsiella_Oxytoca,RKI,20,100.0,100.0,100.0
Klebsiella_Quasipneumoniae,RKI,8,100.0,87.5,0.0
Klebsiella_Variicola,DRIAMS,602,41.4,25.6,5.6
Klebsiella_Variicola,MARISMA,62,83.9,75.8,53.2
Kluyvera_Ascorbata,DRIAMS,11,90.9,90.9,63.6
Kluyvera_Ascorbata,MS-UMG,3,100.0,100.0,66.7
Kluyvera_Cryocrescens,DRIAMS,3,100.0,100.0,100.0
Kluyvera_Cryocrescens,MARISMA,2,100.0,100.0,100.0
Kluyvera_Cryocrescens,MS-UMG,4,100.0,75.0,50.0
Kluyvera_Georgiana,MARISMA,1,0.0,0.0,0.0
Kluyvera_Intermedia,MS-UMG,5,100.0,100.0,100.0
Kluyvera_Species,MS-UMG,3,100.0,100.0,66.7
Kluyveromyces_Marxianus,MARISMA,1,100.0,100.0,100.0
Kocuria_Palustris,RKI,14,100.0,100.0,100.0
Kocuria_Rhizophila,DRIAMS,4,100.0,100.0,100.0
Kocuria_Rhizophila,MARISMA,1,100.0,100.0,100.0
Kocuria_Sp,DRIAMS,4,100.0,100.0,100.0
Kocuria_Species,MS-UMG,1,0.0,0.0,0.0
Kosakonia_Cowanii,DRIAMS,1,100.0,100.0,100.0
Kosakonia_Cowanii,MS-UMG,4,100.0,100.0,75.0
Lacticaseibacillus_Rhamnosus,MARISMA,4,100.0,100.0,100.0
Lactobacillus_Delbrueckii,DRIAMS,1,100.0,100.0,100.0
Lactobacillus_Fermentum,DRIAMS,5,100.0,100.0,100.0
Lactobacillus_Gasseri,DRIAMS,8,100.0,100.0,100.0
Lactobacillus_Gasseri,MARISMA,1,100.0,100.0,100.0
Lactobacillus_Paracasei,DRIAMS,24,95.8,95.8,79.2
Lactobacillus_Rhamnosus,DRIAMS,51,100.0,98.0,92.2
Lactobacillus_Rhamnosus,MS-UMG,1,0.0,0.0,0.0
Lactobacillus_Salivarius,DRIAMS,1,100.0,100.0,100.0
Lactococcus_Garvieae,DRIAMS,2,100.0,100.0,100.0
Lactococcus_Garvieae,MARISMA,2,100.0,100.0,100.0
Lactococcus_Lactis,DRIAMS,7,100.0,100.0,100.0
Lactococcus_Lactis,MARISMA,4,100.0,100.0,100.0
Leclercia_Adecarboxylata,DRIAMS,3,100.0,66.7,66.7
Leclercia_Adecarboxylata,MARISMA,12,83.3,66.7,41.7
Leclercia_Adecarboxylata,MS-UMG,14,100.0,100.0,92.9
Leclercia_Adecarboxylata,RKI,4,100.0,100.0,100.0
Lederbergia_Lenta,RKI,28,100.0,100.0,100.0
Lelliottia_amnigena_,MS-UMG,16,87.5,87.5,43.8
Leptotrichia_Trevisanii,MS-UMG,2,100.0,100.0,100.0
Leuconostoc_Citreum,DRIAMS,4,75.0,75.0,75.0
Leuconostoc_Lactis,MARISMA,2,100.0,100.0,100.0
Listeria_Monocytogenes,DRIAMS,7,100.0,100.0,100.0
Listeria_Monocytogenes,MARISMA,5,100.0,100.0,100.0
Listeria_Monocytogenes,MS-UMG,6,100.0,83.3,66.7
Listeria_Species,MS-UMG,1,0.0,0.0,0.0
Lysinibacillus_Endophyticus,RKI,12,100.0,100.0,100.0
Lysinibacillus_Fusiformis,DRIAMS,2,100.0,100.0,100.0
Lysinibacillus_Fusiformis,RKI,29,100.0,100.0,100.0
Lysinibacillus_Macroides,RKI,17,100.0,100.0,100.0
Lysinibacillus_Pakistanensis,RKI,16,100.0,100.0,100.0
Lysinibacillus_Sp,RKI,12,91.7,83.3,58.3
Lysinibacillus_Species,MS-UMG,2,50.0,50.0,50.0
Lysinibacillus_Sphaericus,RKI,29,100.0,100.0,96.6
Lysinibacillus_Xylanilyticus,MS-UMG,2,100.0,100.0,100.0
Lysinibacillus_Xylanilyticus,RKI,12,100.0,100.0,100.0
Massilia_Sp,MARISMA,1,100.0,100.0,100.0
Meyerozyma_Guilliermondii,MARISMA,2,100.0,100.0,100.0
Microbacterium_Aurum,DRIAMS,4,100.0,100.0,100.0
Micrococcus_Luteus,DRIAMS,112,100.0,100.0,100.0
Micrococcus_Luteus,MARISMA,3,100.0,100.0,100.0
Micrococcus_Luteus,RKI,21,100.0,100.0,100.0
Mixta_Calida,MARISMA,2,100.0,100.0,100.0
Moellerella_Wisconsensis,MS-UMG,2,100.0,100.0,50.0
Moraxella_Catarrhalis,MARISMA,125,100.0,100.0,99.2
Moraxella_Catarrhalis,MS-UMG,67,98.5,98.5,98.5
Moraxella_Catarrhalis,RKI,8,100.0,100.0,100.0
Moraxella_Lacunata,MARISMA,16,100.0,100.0,100.0
Moraxella_Nonliquefaciens,MARISMA,3,100.0,100.0,100.0
Moraxella_Osloensis,MARISMA,2,100.0,100.0,100.0
Moraxella_Osloensis,MS-UMG,7,85.7,85.7,85.7
Moraxella_Sp,DRIAMS,1,100.0,100.0,100.0
Moraxella_Species,MS-UMG,16,100.0,93.8,87.5
Morganella_Morganii,DRIAMS,633,100.0,100.0,98.9
Morganella_Morganii,MARISMA,340,100.0,100.0,100.0
Morganella_Morganii,MS-UMG,518,99.4,99.2,96.9
Morganella_Morganii,RKI,32,100.0,100.0,100.0
Mycobacterium_Abscessus,MARISMA,2,100.0,100.0,100.0
Mycobacterium_Abscessus,MS-UMG,2,50.0,50.0,50.0
Mycobacterium_Brisbanense,MARISMA,1,100.0,100.0,100.0
Mycobacterium_Kansasii,MARISMA,1,100.0,100.0,100.0
Mycobacterium_Terrae,MARISMA,1,100.0,100.0,100.0
Mycobacterium_Tuberculosis,MARISMA,2,100.0,100.0,100.0
Mycobacterium_Xenopi,MARISMA,1,100.0,0.0,0.0
Myroides_Odoratimimus,MS-UMG,36,94.4,94.4,86.1
Myroides_Odoratus,MS-UMG,14,100.0,100.0,92.9
Myroides_Species,MS-UMG,15,93.3,93.3,93.3
Neisseria_Elongata,DRIAMS,1,100.0,100.0,100.0
Neisseria_Gonorrhoeae,DRIAMS,67,100.0,100.0,100.0
Neisseria_Gonorrhoeae,MARISMA,227,100.0,100.0,100.0
Neisseria_Gonorrhoeae,MS-UMG,4,100.0,100.0,100.0
Neisseria_Gonorrhoeae,RKI,8,100.0,100.0,100.0
Neisseria_Meningitidis,DRIAMS,12,100.0,100.0,100.0
Neisseria_Meningitidis,MARISMA,28,100.0,100.0,100.0
Neisseria_Meningitidis,MS-UMG,5,100.0,100.0,100.0
Neisseria_Meningitidis,RKI,4,100.0,100.0,100.0
Neisseria_Subflava,DRIAMS,2,100.0,100.0,100.0
Neisseria_Weaveri,DRIAMS,1,100.0,100.0,100.0
Neobacillus_Bataviensis,RKI,12,100.0,100.0,100.0
Neobacillus_Cucumis,RKI,16,100.0,100.0,100.0
Niallia_Circulans,RKI,14,100.0,100.0,100.0
Nocardia_Blacklockiae,DRIAMS,2,100.0,100.0,100.0
Nocardia_Cyriacigeorgica,MARISMA,9,100.0,100.0,100.0
Nocardia_Sp,DRIAMS,2,100.0,100.0,100.0
Nocardia_Veterana,DRIAMS,2,100.0,100.0,100.0
Ochrobactrum_Anthropi,DRIAMS,11,100.0,100.0,100.0
Ochrobactrum_Anthropi,MARISMA,4,100.0,100.0,100.0
Ochrobactrum_Anthropi,MS-UMG,1,100.0,100.0,100.0
Ochrobactrum_Anthropi,RKI,14,100.0,100.0,100.0
Ochrobactrum_Intermedium,DRIAMS,3,100.0,100.0,100.0
Ochrobactrum_Intermedium,MS-UMG,6,100.0,100.0,100.0
Oligella_Urethralis,DRIAMS,1,100.0,100.0,100.0
Oligella_Urethralis,MARISMA,11,100.0,100.0,100.0
Oligella_Urethralis,MS-UMG,1,100.0,100.0,100.0
Oligella_Urethralis,RKI,6,100.0,100.0,100.0
Paenibacillus_Alvei,RKI,5,100.0,100.0,100.0
Paenibacillus_Amylolyticus,DRIAMS,1,100.0,100.0,100.0
Paenibacillus_Amylolyticus,MS-UMG,1,100.0,100.0,100.0
Paenibacillus_Illinoisensis,DRIAMS,4,100.0,100.0,100.0
Paenibacillus_Jamilae,DRIAMS,1,100.0,100.0,100.0
Paenibacillus_Macerans,DRIAMS,3,100.0,100.0,100.0
Paenibacillus_Polymyxa,RKI,18,33.3,33.3,33.3
Paenibacillus_Species,MS-UMG,2,100.0,100.0,50.0
Paenibacillus_Timonensis,DRIAMS,2,100.0,100.0,100.0
Pandoraea_Apista,RKI,4,100.0,100.0,100.0
Pandoraea_Pnomenusa,DRIAMS,2,100.0,100.0,100.0
Pandoraea_Pnomenusa,RKI,5,100.0,100.0,100.0
Pandoraea_Pulmonicola,RKI,5,100.0,100.0,100.0
Pandoraea_Sputorum,DRIAMS,8,100.0,100.0,100.0
Pantoea_Agglomerans,DRIAMS,32,100.0,96.9,90.6
Pantoea_Agglomerans,MARISMA,11,100.0,100.0,100.0
Pantoea_Agglomerans,MS-UMG,51,96.1,92.2,92.2
Pantoea_Agglomerans,RKI,8,100.0,100.0,100.0
Pantoea_Ananatis,MS-UMG,1,100.0,100.0,100.0
Pantoea_Calida,MS-UMG,4,100.0,100.0,100.0
Pantoea_Dispersa,DRIAMS,3,100.0,100.0,100.0
Pantoea_Dispersa,MARISMA,1,100.0,100.0,0.0
Pantoea_Eucrina,MARISMA,4,100.0,100.0,100.0
Pantoea_Eucrina,MS-UMG,1,100.0,100.0,100.0
Pantoea_Septica,DRIAMS,2,100.0,100.0,100.0
Pantoea_Septica,MARISMA,6,100.0,100.0,100.0
Pantoea_Septica,MS-UMG,21,100.0,100.0,95.2
Pantoea_Species,MS-UMG,20,90.0,85.0,80.0
Parabacteroides_Distasonis,DRIAMS,5,100.0,100.0,100.0
Parabacteroides_Distasonis,MARISMA,1,100.0,100.0,100.0
Paraburkholderia_Caledonica,RKI,6,100.0,100.0,100.0
Paraburkholderia_Caribensis,RKI,6,100.0,100.0,100.0
Paraburkholderia_Hospita,RKI,6,100.0,100.0,100.0
Paraburkholderia_Kururiensis,RKI,4,100.0,100.0,100.0
Paraburkholderia_Phymatum,RKI,3,100.0,100.0,100.0
Paraburkholderia_Phytofirmans,RKI,3,100.0,100.0,100.0
Paraburkholderia_Tuberum,RKI,3,100.0,100.0,100.0
Paraburkholderia_Xenovorans,RKI,3,100.0,100.0,100.0
Paracoccus_Yeei,RKI,18,100.0,100.0,100.0
Parvimonas_Micra,DRIAMS,35,100.0,97.1,97.1
Parvimonas_Micra,MS-UMG,3,33.3,0.0,0.0
Pasteurella_Bettyae,DRIAMS,2,100.0,100.0,100.0
Pasteurella_Canis,MS-UMG,4,100.0,100.0,100.0
Pasteurella_Dagmatis,DRIAMS,1,100.0,100.0,100.0
Pasteurella_Multocida,DRIAMS,48,100.0,100.0,97.9
Pasteurella_Multocida,MARISMA,1,100.0,100.0,100.0
Pasteurella_Multocida,MS-UMG,25,100.0,100.0,100.0
Pasteurella_Stomatis,MS-UMG,1,100.0,100.0,100.0
Pediococcus_Acidilactici,MARISMA,4,100.0,100.0,100.0
Pediococcus_Pentosaceus,DRIAMS,1,100.0,100.0,100.0
Pediococcus_Pentosaceus,MARISMA,1,100.0,100.0,100.0
Peptoniphilus_Coxii,DRIAMS,8,100.0,100.0,100.0
Peptoniphilus_Duerdenii,MARISMA,2,100.0,100.0,100.0
Peptoniphilus_Harei,DRIAMS,35,100.0,100.0,97.1
Peptoniphilus_Olsenii,DRIAMS,3,100.0,100.0,100.0
Peptoniphilus_Sp,DRIAMS,1,100.0,100.0,100.0
Peptoniphilus_Sp,MARISMA,1,100.0,100.0,100.0
Peptoniphilus_Tyrrelliae,DRIAMS,3,100.0,100.0,66.7
Peptostreptococcus_Anaerobius,DRIAMS,3,100.0,100.0,100.0
Peptostreptococcus_Anaerobius,MS-UMG,1,100.0,100.0,100.0
Peptostreptococcus_Magnus,MS-UMG,2,100.0,100.0,50.0
Peribacillus_Muralis,RKI,12,100.0,100.0,100.0
Peribacillus_Psychrosaccharolyticus,RKI,12,100.0,100.0,100.0
Peribacillus_Simplex,RKI,20,100.0,100.0,90.0
Pichia_Kudriavzevii,MARISMA,7,100.0,100.0,71.4
Plesiomonas_Shigelloides,DRIAMS,6,100.0,100.0,100.0
Plesiomonas_Shigelloides,MARISMA,4,100.0,100.0,100.0
Plesiomonas_Shigelloides,MS-UMG,1,100.0,100.0,100.0
Pluralibacter_Gergoviae,MARISMA,6,100.0,100.0,100.0
Pluralibacter_Gergoviae,MS-UMG,2,100.0,100.0,100.0
Pluralibacter_Gergoviae,RKI,2,100.0,100.0,100.0
Pluralibacter_Pyrinus,MS-UMG,1,100.0,0.0,0.0
Porphyromonas_Somerae,MS-UMG,1,100.0,100.0,100.0
Porphyromonas_Uenonis,DRIAMS,6,100.0,100.0,83.3
Prevotella_Bergensis,DRIAMS,7,100.0,100.0,100.0
Prevotella_Bergensis,MARISMA,1,100.0,100.0,100.0
Prevotella_Bivia,DRIAMS,14,100.0,100.0,100.0
Prevotella_Buccae,DRIAMS,2,100.0,100.0,100.0
Prevotella_Buccalis,DRIAMS,2,100.0,100.0,100.0
Prevotella_Denticola,DRIAMS,10,100.0,100.0,100.0
Prevotella_Disiens,DRIAMS,14,100.0,100.0,100.0
Prevotella_Intermedia,DRIAMS,1,100.0,100.0,100.0
Prevotella_Oralis,DRIAMS,1,100.0,100.0,100.0
Prevotella_Timonensis,DRIAMS,1,100.0,100.0,100.0
Prevotella_Veroralis,DRIAMS,1,100.0,100.0,100.0
Priestia_Endophytica,RKI,24,100.0,100.0,100.0
Priestia_Flexa,RKI,36,100.0,100.0,100.0
Priestia_Megaterium,RKI,55,100.0,100.0,100.0
Propionibacterium_Acnes,DRIAMS,44,100.0,100.0,95.5
Propionibacterium_Avidum,DRIAMS,8,100.0,87.5,75.0
Propionibacterium_Avidum,MS-UMG,8,87.5,87.5,62.5
Propionibacterium_Granulosum,DRIAMS,6,83.3,83.3,16.7
Propionibacterium_Sp,DRIAMS,1,100.0,100.0,100.0
Propionibacterium_Species,MS-UMG,3,66.7,66.7,66.7
Proteus_Hauseri,DRIAMS,25,100.0,100.0,100.0
Proteus_Hauseri,MARISMA,13,100.0,100.0,100.0
Proteus_Mirabilis,DRIAMS,1843,99.8,99.7,99.7
Proteus_Mirabilis,MARISMA,1151,99.9,99.8,99.4
Proteus_Mirabilis,MS-UMG,2512,99.4,98.7,95.4
Proteus_Mirabilis,RKI,12,100.0,100.0,100.0
Proteus_Penneri,DRIAMS,2,100.0,100.0,100.0
Proteus_Vulgaris,DRIAMS,524,100.0,99.8,99.2
Proteus_Vulgaris,MARISMA,28,100.0,100.0,100.0
Proteus_Vulgaris,MS-UMG,456,99.3,99.3,99.3
Proteus_Vulgaris,RKI,12,100.0,100.0,100.0
Providencia_Alcalifaciens,DRIAMS,2,100.0,100.0,100.0
Providencia_Alcalifaciens,MARISMA,1,100.0,100.0,100.0
Providencia_Alcalifaciens,MS-UMG,1,100.0,100.0,100.0
Providencia_Rettgeri,DRIAMS,101,100.0,100.0,99.0
Providencia_Rettgeri,MARISMA,23,100.0,100.0,100.0
Providencia_Rettgeri,MS-UMG,75,98.7,98.7,96.0
Providencia_Rettgeri,RKI,12,100.0,100.0,100.0
Providencia_Rustigianii,DRIAMS,2,100.0,100.0,100.0
Providencia_Stuartii,DRIAMS,23,100.0,100.0,100.0
Providencia_Stuartii,MARISMA,39,97.4,97.4,92.3
Providencia_Stuartii,MS-UMG,46,95.7,93.5,82.6
Providencia_Stuartii,RKI,14,100.0,100.0,100.0
Providencia_Vermicola,MS-UMG,1,100.0,100.0,100.0
Pseudescherichia_Vulneris,MARISMA,3,66.7,66.7,66.7
Pseudochrobactrum_Asaccharolyticum,MS-UMG,1,100.0,100.0,100.0
Pseudoclavibacter_Alba,MARISMA,2,100.0,100.0,100.0
Pseudoglutamicibacter_Cumminsii,MARISMA,14,100.0,100.0,100.0
Pseudomonas_Alcaligenes,DRIAMS,9,100.0,100.0,100.0
Pseudomonas_Alcaligenes,MS-UMG,2,100.0,100.0,50.0
Pseudomonas_Brenneri,DRIAMS,1,100.0,100.0,100.0
Pseudomonas_Chlororaphis,MS-UMG,4,100.0,100.0,75.0
Pseudomonas_Chlororaphis,RKI,18,100.0,100.0,100.0
Pseudomonas_Citronellolis,DRIAMS,9,100.0,100.0,100.0
Pseudomonas_Citronellolis,MS-UMG,5,100.0,100.0,80.0
Pseudomonas_Flavescens,DRIAMS,1,100.0,100.0,100.0
Pseudomonas_Fluorescens,DRIAMS,9,100.0,100.0,100.0
Pseudomonas_Fluorescens,MARISMA,1,100.0,100.0,100.0
Pseudomonas_Fluorescens,MS-UMG,36,97.2,94.4,69.4
Pseudomonas_Fulva,DRIAMS,1,100.0,100.0,100.0
Pseudomonas_Graminis,DRIAMS,3,100.0,100.0,100.0
Pseudomonas_Koreensis,DRIAMS,2,100.0,100.0,100.0
Pseudomonas_Koreensis,MS-UMG,18,94.4,94.4,94.4
Pseudomonas_Libanensis,DRIAMS,1,100.0,100.0,100.0
Pseudomonas_Luteola,DRIAMS,1,100.0,100.0,100.0
Pseudomonas_Mendocina,DRIAMS,1,100.0,100.0,100.0
Pseudomonas_Mendocina,MS-UMG,5,100.0,100.0,60.0
Pseudomonas_Monteilii,DRIAMS,41,100.0,100.0,100.0
Pseudomonas_Mosselii,DRIAMS,2,100.0,100.0,100.0
Pseudomonas_Nitroreducens,DRIAMS,10,100.0,100.0,100.0
Pseudomonas_Nitroreducens,MARISMA,1,100.0,100.0,100.0
Pseudomonas_Oleovorans,MARISMA,1,100.0,100.0,100.0
Pseudomonas_Oleovorans,MS-UMG,2,100.0,100.0,100.0
Pseudomonas_Oryzihabitans,DRIAMS,4,100.0,100.0,100.0
Pseudomonas_Otitidis,DRIAMS,3,100.0,100.0,100.0
Pseudomonas_Otitidis,MARISMA,2,100.0,100.0,100.0
Pseudomonas_Plecoglossicida,DRIAMS,4,100.0,100.0,100.0
Pseudomonas_Plecoglossicida,MARISMA,2,100.0,100.0,100.0
Pseudomonas_Putida,DRIAMS,5,100.0,100.0,100.0
Pseudomonas_Putida,MARISMA,5,100.0,100.0,100.0
Pseudomonas_Putida,MS-UMG,89,97.8,95.5,86.5
Pseudomonas_Putida,RKI,44,100.0,100.0,100.0
Pseudomonas_Rhodesiae,DRIAMS,1,100.0,100.0,100.0
Pseudomonas_Sp,DRIAMS,13,100.0,100.0,100.0
Pseudomonas_Sp,MARISMA,6,100.0,100.0,100.0
Pseudomonas_Species,MS-UMG,16,93.8,93.8,93.8
Pseudomonas_Stutzeri,DRIAMS,28,100.0,85.7,75.0
Pseudomonas_Stutzeri,MARISMA,10,90.0,90.0,90.0
Pseudomonas_Stutzeri,MS-UMG,22,95.5,90.9,77.3
Pseudomonas_Stutzeri,RKI,4,100.0,100.0,100.0
Pseudomonas_Synxantha,DRIAMS,2,100.0,100.0,100.0
Pseudomonas_Taetrolens,MS-UMG,2,50.0,50.0,50.0
Pseudomonas_putida_group,DRIAMS,2,100.0,100.0,100.0
Pseudoxanthomonas_Mexicana,MS-UMG,2,100.0,100.0,100.0
Rahnella_Aquatilis,DRIAMS,8,87.5,87.5,87.5
Rahnella_Aquatilis,MS-UMG,5,100.0,100.0,80.0
Ralstonia_Insidiosa,RKI,19,100.0,100.0,100.0
Ralstonia_Mannitolilytica,RKI,12,100.0,100.0,100.0
Ralstonia_Pickettii,RKI,8,100.0,100.0,100.0
Raoultella_Ornithinolytica,DRIAMS,67,52.2,38.8,28.4
Raoultella_Ornithinolytica,MARISMA,32,87.5,87.5,50.0
Raoultella_Planticola,DRIAMS,2,100.0,100.0,50.0
Raoultella_Planticola,MARISMA,2,100.0,100.0,100.0
Raoultella_Terrigena,MARISMA,1,100.0,100.0,0.0
Rhizobium_Radiobacter,DRIAMS,9,100.0,100.0,77.8
Rhizobium_Radiobacter,MS-UMG,6,50.0,33.3,33.3
Roseomonas_Gilardii,RKI,4,100.0,100.0,100.0
Roseomonas_Mucosa,MS-UMG,6,66.7,50.0,50.0
Roseomonas_Species,MS-UMG,1,100.0,100.0,100.0
Rothia_Aeria,DRIAMS,8,100.0,100.0,100.0
Rothia_Dentocariosa,DRIAMS,7,100.0,100.0,85.7
Rothia_Kristinae,RKI,3,66.7,66.7,33.3
Rothia_Mucilaginosa,DRIAMS,36,100.0,100.0,100.0
Rothia_Mucilaginosa,MARISMA,2,100.0,100.0,100.0
Ruminococcus_Gnavus,DRIAMS,2,100.0,100.0,100.0
Salibacterium_Salarium,RKI,12,100.0,100.0,100.0
Salmonella_Anatum,DRIAMS,5,100.0,100.0,100.0
Salmonella_Derby,MS-UMG,2,100.0,100.0,100.0
Salmonella_Enterica,RKI,10,100.0,100.0,100.0
Salmonella_Enteritidis,MS-UMG,3,66.7,66.7,33.3
Salmonella_Newington,DRIAMS,4,100.0,100.0,100.0
Salmonella_Oranienburg,MS-UMG,1,100.0,100.0,100.0
Salmonella_Sp,DRIAMS,3,100.0,100.0,100.0
Salmonella_Sp,MARISMA,29,96.6,93.1,75.9
Salmonella_Species,MS-UMG,1,100.0,100.0,100.0
Salmonella_Spp,DRIAMS,34,97.1,94.1,64.7
Salmonella_Tennessee,MS-UMG,1,0.0,0.0,0.0
Salmonella_Typhimurium,MS-UMG,1,0.0,0.0,0.0
Salmonella_choleraesuis_var_kunzendorf,MS-UMG,1,100.0,100.0,100.0
Salmonella_der_gruppe_b,MS-UMG,3,100.0,66.7,0.0
Salmonella_der_gruppe_d,MS-UMG,1,100.0,100.0,0.0
Salmonella_subspecies1_monophasische_variante,MS-UMG,1,100.0,100.0,100.0
Salmonella_typhimurium_monophasische_variante,MS-UMG,4,75.0,75.0,75.0
Schaalia_Odontolytica,MARISMA,1,100.0,100.0,100.0
Schaalia_Radingae,MARISMA,1,100.0,100.0,100.0
Schaalia_Turicensis,MARISMA,2,100.0,100.0,100.0
Serratia_Ficaria,DRIAMS,2,100.0,100.0,100.0
Serratia_Fonticola,DRIAMS,4,100.0,100.0,100.0
Serratia_Fonticola,MS-UMG,2,100.0,100.0,50.0
Serratia_Grimesii,DRIAMS,2,100.0,100.0,100.0
Serratia_Grimesii,RKI,2,100.0,100.0,100.0
Serratia_Liquefaciens,DRIAMS,30,100.0,100.0,100.0
Serratia_Liquefaciens,MARISMA,14,100.0,92.9,92.9
Serratia_Liquefaciens,MS-UMG,49,100.0,95.9,91.8
Serratia_Marcescens,DRIAMS,1134,99.8,99.8,99.0
Serratia_Marcescens,MARISMA,286,99.7,99.3,93.4
Serratia_Marcescens,MS-UMG,891,99.7,99.7,99.1
Serratia_Marcescens,RKI,22,100.0,100.0,100.0
Serratia_Odorifera,DRIAMS,1,100.0,100.0,100.0
Serratia_Odorifera,MS-UMG,1,100.0,100.0,100.0
Serratia_Proteamaculans,DRIAMS,4,100.0,100.0,100.0
Serratia_Proteamaculans,MARISMA,1,100.0,100.0,0.0
Serratia_Rubidaea,DRIAMS,10,100.0,100.0,100.0
Serratia_Rubidaea,MARISMA,2,100.0,100.0,100.0
Serratia_Rubidaea,MS-UMG,5,100.0,100.0,80.0
Serratia_Ureilytica,DRIAMS,24,100.0,100.0,100.0
Shewanella_Algae,MS-UMG,5,100.0,100.0,100.0
Shewanella_Putrefaciens,MS-UMG,2,100.0,50.0,50.0
Shigella_Boydii,RKI,6,100.0,83.3,66.7
Shigella_Dysenteriae,RKI,8,100.0,100.0,87.5
Shigella_Flexneri,RKI,6,100.0,66.7,66.7
Shigella_Sonnei,RKI,12,91.7,91.7,50.0
Sinomonas_Atrocyanea,RKI,2,100.0,100.0,100.0
Slackia_Exigua,DRIAMS,3,66.7,33.3,33.3
Sphingobacterium_Spiritivorum,DRIAMS,1,100.0,100.0,100.0
Sphingomonas_Desiccabilis,DRIAMS,6,100.0,100.0,100.0
Sphingomonas_Koreensis,DRIAMS,6,100.0,100.0,100.0
Sphingomonas_Koreensis,MS-UMG,1,100.0,100.0,100.0
Sphingomonas_Paucimobilis,DRIAMS,22,100.0,95.5,81.8
Sphingomonas_Paucimobilis,MARISMA,2,100.0,100.0,100.0
Sphingomonas_Paucimobilis,MS-UMG,4,100.0,100.0,100.0
Sphingomonas_Paucimobilis,RKI,16,100.0,100.0,100.0
Sphingomonas_Sanguinis,DRIAMS,1,100.0,100.0,100.0
Staphylococcus_Auricularis,DRIAMS,22,100.0,100.0,100.0
Staphylococcus_Auricularis,MARISMA,2,100.0,100.0,100.0
Staphylococcus_Auricularis,MS-UMG,5,100.0,80.0,40.0
Staphylococcus_Borealis,MARISMA,2,100.0,100.0,100.0
Staphylococcus_Capitis,DRIAMS,429,100.0,99.5,97.7
Staphylococcus_Capitis,MARISMA,20,100.0,100.0,95.0
Staphylococcus_Capitis,MS-UMG,518,42.7,39.0,29.7
Staphylococcus_Capitis,RKI,12,100.0,100.0,100.0
Staphylococcus_Caprae,DRIAMS,124,100.0,100.0,100.0
Staphylococcus_Caprae,MS-UMG,231,32.5,29.0,25.5
Staphylococcus_Carnosus,MS-UMG,2,0.0,0.0,0.0
Staphylococcus_Cohnii,DRIAMS,60,100.0,100.0,100.0
Staphylococcus_Cohnii,MARISMA,2,100.0,100.0,100.0
Staphylococcus_Cohnii,MS-UMG,39,79.5,79.5,76.9
Staphylococcus_Condimenti,DRIAMS,3,100.0,100.0,100.0
Staphylococcus_Condimenti,MS-UMG,15,86.7,86.7,73.3
Staphylococcus_Delphini,DRIAMS,1,100.0,100.0,100.0
Staphylococcus_Delphini,MS-UMG,1,100.0,100.0,100.0
Staphylococcus_Delphini,RKI,6,100.0,100.0,100.0
Staphylococcus_Epidermidis,DRIAMS,5429,99.2,98.7,95.0
Staphylococcus_Epidermidis,MARISMA,668,99.3,98.8,96.9
Staphylococcus_Epidermidis,MS-UMG,3722,76.1,69.9,57.1
Staphylococcus_Epidermidis,RKI,44,100.0,97.7,84.1
Staphylococcus_Gallinarum,DRIAMS,2,100.0,100.0,100.0
Staphylococcus_Gallinarum,MS-UMG,2,0.0,0.0,0.0
Staphylococcus_Haemolyticus,DRIAMS,350,97.1,94.3,86.6
Staphylococcus_Haemolyticus,MARISMA,33,97.0,97.0,97.0
Staphylococcus_Haemolyticus,MS-UMG,501,72.5,64.5,51.7
Staphylococcus_Haemolyticus,RKI,9,100.0,100.0,66.7
Staphylococcus_Hominis,DRIAMS,797,99.7,99.2,97.4
Staphylococcus_Hominis,MARISMA,18,100.0,100.0,94.4
Staphylococcus_Hominis,MS-UMG,632,66.1,60.4,48.3
Staphylococcus_Hominis,RKI,44,97.7,95.5,90.9
Staphylococcus_Hyicus,MS-UMG,2,0.0,0.0,0.0
Staphylococcus_Intermedius,DRIAMS,3,100.0,100.0,100.0
Staphylococcus_Intermedius,MS-UMG,1,0.0,0.0,0.0
Staphylococcus_Intermedius,RKI,6,100.0,100.0,50.0
Staphylococcus_Lentus,MS-UMG,2,50.0,50.0,50.0
Staphylococcus_Lugdunensis,DRIAMS,517,98.5,96.1,88.6
Staphylococcus_Lugdunensis,MARISMA,71,100.0,100.0,98.6
Staphylococcus_Lugdunensis,MS-UMG,322,64.6,57.5,47.8
Staphylococcus_Lugdunensis,RKI,40,100.0,100.0,90.0
Staphylococcus_Pasteuri,DRIAMS,8,100.0,100.0,100.0
Staphylococcus_Pasteuri,MARISMA,7,100.0,100.0,100.0
Staphylococcus_Pasteuri,MS-UMG,19,52.6,52.6,42.1
Staphylococcus_Pettenkoferi,DRIAMS,75,100.0,100.0,100.0
Staphylococcus_Pettenkoferi,MS-UMG,79,63.3,58.2,55.7
Staphylococcus_Piscifermentans,DRIAMS,3,100.0,100.0,100.0
Staphylococcus_Pseudintermedius,DRIAMS,18,100.0,100.0,100.0
Staphylococcus_Pseudintermedius,MS-UMG,9,88.9,66.7,66.7
Staphylococcus_Pseudintermedius,RKI,4,100.0,100.0,100.0
Staphylococcus_Saccharolyticus,DRIAMS,9,100.0,100.0,100.0
Staphylococcus_Saccharolyticus,MS-UMG,3,66.7,66.7,66.7
Staphylococcus_Saprophyticus,DRIAMS,349,85.4,79.9,67.6
Staphylococcus_Saprophyticus,MARISMA,153,100.0,100.0,99.3
Staphylococcus_Saprophyticus,MS-UMG,99,72.7,62.6,50.5
Staphylococcus_Schleiferi,DRIAMS,22,95.5,95.5,95.5
Staphylococcus_Schleiferi,MS-UMG,10,20.0,20.0,10.0
Staphylococcus_Sciuri,MS-UMG,18,77.8,77.8,72.2
Staphylococcus_Simulans,DRIAMS,57,100.0,100.0,94.7
Staphylococcus_Simulans,MARISMA,4,100.0,100.0,100.0
Staphylococcus_Simulans,MS-UMG,94,79.8,74.5,64.9
Staphylococcus_Sp[1],DRIAMS,10,100.0,100.0,100.0
Staphylococcus_Species,MS-UMG,5,40.0,20.0,20.0
Staphylococcus_Succinus,DRIAMS,2,100.0,100.0,100.0
Staphylococcus_Succinus,MS-UMG,1,100.0,100.0,100.0
Staphylococcus_Vitulinus,MS-UMG,2,0.0,0.0,0.0
Staphylococcus_Warneri,DRIAMS,109,100.0,99.1,95.4
Staphylococcus_Warneri,MARISMA,6,100.0,100.0,100.0
Staphylococcus_Warneri,MS-UMG,97,40.2,35.1,29.9
Staphylococcus_Xylosus,DRIAMS,20,95.0,95.0,95.0
Staphylococcus_Xylosus,MARISMA,1,100.0,100.0,100.0
Staphylococcus_Xylosus,MS-UMG,15,60.0,60.0,46.7
Staphylococcus_hominis_ssp_hominis,MS-UMG,5,60.0,40.0,20.0
Stenotrophomonas_Acidaminiphila,MS-UMG,1,100.0,100.0,100.0
Stenotrophomonas_Maltophilia,DRIAMS,109,100.0,100.0,100.0
Stenotrophomonas_Maltophilia,MARISMA,200,100.0,100.0,100.0
Stenotrophomonas_Maltophilia,MS-UMG,417,99.8,99.8,99.0
Stenotrophomonas_Maltophilia,RKI,26,100.0,100.0,100.0
Stenotrophomonas_Rhizophila,RKI,14,100.0,100.0,100.0
Stenotrophomonas_Species,MS-UMG,12,100.0,100.0,100.0
Streptococcus_Agalactiae,DRIAMS,242,99.2,98.8,97.5
Streptococcus_Agalactiae,MARISMA,1128,99.9,99.3,97.9
Streptococcus_Agalactiae,MS-UMG,943,65.2,59.6,43.9
Streptococcus_Agalactiae,RKI,8,100.0,100.0,100.0
Streptococcus_Anginosus,DRIAMS,148,98.0,97.3,95.9
Streptococcus_Anginosus,MARISMA,45,100.0,100.0,97.8
Streptococcus_Anginosus,MS-UMG,695,86.0,81.6,68.5
Streptococcus_Canis,DRIAMS,20,95.0,95.0,90.0
Streptococcus_Constellatus,DRIAMS,91,100.0,98.9,93.4
Streptococcus_Constellatus,MARISMA,24,95.8,91.7,91.7
Streptococcus_Constellatus,MS-UMG,305,85.6,80.0,71.8
Streptococcus_Cristatus,DRIAMS,21,100.0,100.0,100.0
Streptococcus_Dysgalactiae,DRIAMS,169,100.0,100.0,98.2
Streptococcus_Dysgalactiae,MARISMA,22,100.0,100.0,95.5
Streptococcus_Dysgalactiae,MS-UMG,523,85.3,79.5,63.9
Streptococcus_Dysgalactiae,RKI,12,100.0,100.0,100.0
Streptococcus_Equi,MARISMA,2,100.0,100.0,50.0
Streptococcus_Equi,MS-UMG,1,100.0,0.0,0.0
Streptococcus_Equinus,DRIAMS,5,100.0,100.0,100.0
Streptococcus_Gallolyticus,DRIAMS,42,92.9,90.5,88.1
Streptococcus_Gallolyticus,MARISMA,203,100.0,100.0,99.0
Streptococcus_Gallolyticus,MS-UMG,89,65.2,65.2,51.7
Streptococcus_Gordonii,DRIAMS,54,100.0,100.0,92.6
Streptococcus_Gordonii,MARISMA,3,100.0,100.0,100.0
Streptococcus_Gordonii,MS-UMG,44,88.6,84.1,65.9
Streptococcus_Henryi,MS-UMG,1,100.0,100.0,100.0
Streptococcus_Infantis,DRIAMS,12,100.0,100.0,100.0
Streptococcus_Intermedius,DRIAMS,82,97.6,97.6,93.9
Streptococcus_Intermedius,MARISMA,21,100.0,100.0,100.0
Streptococcus_Intermedius,MS-UMG,128,78.9,72.7,58.6
Streptococcus_Lutetiensis,DRIAMS,16,100.0,100.0,100.0
Streptococcus_Massiliensis,DRIAMS,10,100.0,100.0,100.0
Streptococcus_Massiliensis,MARISMA,1,100.0,100.0,100.0
Streptococcus_Massiliensis,MS-UMG,11,90.9,81.8,72.7
Streptococcus_Minor,MS-UMG,5,60.0,60.0,40.0
Streptococcus_Mitis,DRIAMS,144,97.9,97.2,95.8
Streptococcus_Mitis,MARISMA,8,100.0,100.0,87.5
Streptococcus_Mitis,RKI,4,100.0,100.0,100.0
Streptococcus_Mitis/oralis,MS-UMG,446,83.6,79.1,68.2
Streptococcus_Mutans,DRIAMS,5,100.0,100.0,100.0
Streptococcus_Mutans,MS-UMG,11,100.0,72.7,63.6
Streptococcus_Oralis,DRIAMS,247,98.8,98.0,93.1
Streptococcus_Oralis,MARISMA,22,100.0,100.0,100.0
Streptococcus_Oralis,MS-UMG,2,100.0,100.0,100.0
Streptococcus_Parasanguinis,DRIAMS,105,99.0,99.0,96.2
Streptococcus_Parasanguinis,MARISMA,5,100.0,100.0,100.0
Streptococcus_Parasanguinis,MS-UMG,78,94.9,88.5,79.5
Streptococcus_Parasanguinis,RKI,12,100.0,100.0,100.0
Streptococcus_Peroris,DRIAMS,10,100.0,100.0,90.0
Streptococcus_Pneumoniae,DRIAMS,361,97.0,94.2,89.2
Streptococcus_Pneumoniae,MARISMA,162,97.5,96.9,93.8
Streptococcus_Pneumoniae,MS-UMG,77,79.2,77.9,62.3
Streptococcus_Pneumoniae,RKI,24,100.0,100.0,100.0
Streptococcus_Pseudopneumoniae,DRIAMS,18,100.0,100.0,100.0
Streptococcus_Pseudoporcinus,MS-UMG,1,100.0,100.0,100.0
Streptococcus_Pyogenes,DRIAMS,214,99.5,99.5,99.1
Streptococcus_Pyogenes,MARISMA,237,100.0,99.6,99.2
Streptococcus_Pyogenes,MS-UMG,124,79.0,75.0,60.5
Streptococcus_Pyogenes,RKI,30,100.0,100.0,93.3
Streptococcus_Salivarius,DRIAMS,36,100.0,100.0,88.9
Streptococcus_Salivarius,MARISMA,1,100.0,100.0,100.0
Streptococcus_Salivarius,MS-UMG,155,63.9,58.1,49.7
Streptococcus_Salivarius,RKI,35,97.1,94.3,80.0
Streptococcus_Sanguinis,DRIAMS,61,100.0,98.4,96.7
Streptococcus_Sanguinis,MARISMA,1,100.0,100.0,100.0
Streptococcus_Sanguinis,MS-UMG,1,100.0,100.0,100.0
Streptococcus_Sanguinis,RKI,8,100.0,100.0,100.0
Streptococcus_Sinensis,DRIAMS,2,100.0,100.0,100.0
Streptococcus_Sobrinus,MS-UMG,2,100.0,100.0,100.0
Streptococcus_Species,MS-UMG,13,61.5,61.5,46.2
Streptococcus_Urinalis,MS-UMG,6,83.3,83.3,50.0
Streptococcus_Vestibularis,DRIAMS,37,100.0,100.0,97.3
Streptococcus_Vestibularis,MS-UMG,33,78.8,72.7,54.5
Streptococcus_gruppe_c,MS-UMG,2,100.0,100.0,100.0
Streptococcus_gruppe_g,MS-UMG,41,80.5,73.2,58.5
Streptococcus_salivarius_ssp_thermophilus,DRIAMS,27,81.5,81.5,81.5
Streptokokken_der_viridans-gruppe,MS-UMG,16,75.0,75.0,68.8
Sutcliffiella_Cohnii,RKI,36,100.0,100.0,100.0
Trichosporon_Asahii,MS-UMG,1,100.0,100.0,100.0
Trueperella_Bernardiae,DRIAMS,32,100.0,100.0,93.8
Trueperella_Pyogenes,DRIAMS,1,100.0,100.0,100.0
Tsukamurella_Pulmonis,MARISMA,2,100.0,100.0,100.0
Turicella_Otitidis,DRIAMS,23,91.3,87.0,73.9
Turicella_Otitidis,MARISMA,4,100.0,100.0,100.0
Vagococcus_Fluvialis,DRIAMS,2,100.0,100.0,100.0
Veillonella_Parvula,DRIAMS,8,100.0,100.0,100.0
Vibrio_Alginolyticus,DRIAMS,3,100.0,100.0,100.0
Vibrio_Alginolyticus,MARISMA,1,100.0,100.0,100.0
Vibrio_Alginolyticus,RKI,12,100.0,100.0,100.0
Vibrio_Cholerae,RKI,221,100.0,99.5,98.2
Vibrio_Diazotrophicus,RKI,4,100.0,100.0,100.0
Vibrio_Harveyi,RKI,11,100.0,100.0,100.0
Vibrio_Metschnikovii,RKI,42,100.0,100.0,100.0
Vibrio_Mimicus,RKI,9,100.0,100.0,100.0
Vibrio_Parahaemolyticus,MARISMA,2,100.0,100.0,50.0
Vibrio_Parahaemolyticus,MS-UMG,1,100.0,100.0,100.0
Vibrio_Parahaemolyticus,RKI,13,100.0,100.0,100.0
Vibrio_Vulnificus,RKI,10,100.0,100.0,100.0
Virgibacillus_Pantothenticus,RKI,5,100.0,100.0,100.0
Wautersiella_Falsenii,MS-UMG,2,100.0,100.0,100.0
Wautersiella_Spezies,MS-UMG,2,100.0,100.0,100.0
Weeksella_Virosa,MARISMA,6,100.0,100.0,100.0
Weissella_Cibaria,MARISMA,1,100.0,100.0,100.0
Weizmannia_Coagulans,RKI,60,100.0,100.0,100.0
Wohlfahrtiimonas_Chitiniclastica,MS-UMG,4,100.0,100.0,100.0
Xenophilus_Sp,RKI,2,100.0,100.0,100.0
Yarrowia_Lipolytica,MS-UMG,2,50.0,50.0,0.0
Yersinia_Aldovae,RKI,6,100.0,100.0,100.0
Yersinia_Aleksiciae,RKI,6,100.0,100.0,100.0
Yersinia_Bercovieri,RKI,3,100.0,100.0,100.0
Yersinia_Enterocolitica,DRIAMS,9,100.0,100.0,100.0
Yersinia_Enterocolitica,MARISMA,25,100.0,100.0,92.0
Yersinia_Enterocolitica,MS-UMG,2,100.0,100.0,100.0
Yersinia_Enterocolitica,RKI,172,100.0,100.0,100.0
Yersinia_Entomophaga,RKI,12,100.0,100.0,100.0
Yersinia_Frederiksenii,MARISMA,1,100.0,100.0,100.0
Yersinia_Frederiksenii,RKI,8,100.0,100.0,100.0
Yersinia_Intermedia,DRIAMS,1,100.0,100.0,100.0
Yersinia_Intermedia,RKI,11,100.0,100.0,90.9
Yersinia_Kristensenii,RKI,9,100.0,100.0,100.0
Yersinia_Massiliensis,RKI,12,100.0,100.0,100.0
Yersinia_Mollaretii,RKI,6,100.0,100.0,100.0
Yersinia_Nurmii,RKI,12,100.0,100.0,100.0
Yersinia_Pekkanenii,RKI,12,100.0,100.0,100.0
Yersinia_Pestis,RKI,94,100.0,100.0,100.0
Yersinia_Pseudotuberculosis,RKI,73,100.0,100.0,100.0
Yersinia_Rohdei,RKI,3,100.0,100.0,100.0
Yersinia_Ruckeri,RKI,27,100.0,100.0,100.0
Yersinia_Similis,RKI,27,100.0,100.0,100.0
Yersinia_Sp,RKI,12,100.0,100.0,91.7
Yersinia_Wautersii,RKI,12,100.0,100.0,100.0
