n_prev,n_new,model,balanced_accuracy,f1_macro,recall_macro,specificity_macro,roc_auc_macro,confusion_matrix
0,50,RF_original,0.9052357014984919,0.8533001295085373,0.9052357014984919,0.9783541508855663,0.9951598158221917,"[[420, 0, 2, 0, 0, 0], [0, 162, 0, 1, 1, 1], [8, 194, 1304, 130, 24, 269], [1, 1, 2, 2072, 0, 1], [2, 24, 6, 7, 260, 33], [0, 1, 0, 3, 1, 2089]]"
0,50,MLP_original,0.9246744783720012,0.8642136804470232,0.9246744783720012,0.9843483930847415,0.9952750553736444,"[[422, 0, 0, 0, 0, 0], [0, 161, 2, 0, 2, 0], [12, 174, 1456, 58, 92, 137], [1, 1, 3, 2072, 0, 0], [2, 15, 7, 0, 273, 35], [0, 2, 1, 1, 1, 2089]]"
0,50,RF_latent_zero,0.9150390286534037,0.8957847988154612,0.9150390286534037,0.9815056617032069,0.9920519112337308,"[[421, 0, 0, 1, 0, 0], [0, 162, 1, 1, 0, 1], [4, 56, 1441, 301, 27, 100], [1, 0, 1, 2075, 0, 0], [1, 18, 16, 13, 255, 29], [0, 1, 2, 4, 0, 2087]]"
0,50,MLP_latent_zero,0.9179283182088618,0.8562237033363078,0.9179283182088618,0.9833795575242451,0.9948964373410615,"[[422, 0, 0, 0, 0, 0], [0, 163, 1, 0, 0, 1], [20, 240, 1431, 54, 34, 150], [2, 3, 1, 2071, 0, 0], [3, 26, 8, 0, 260, 35], [0, 1, 2, 2, 0, 2089]]"
0,50,RF_few,0.7579009236697914,0.7666288666153637,0.7579009236697914,0.9784810322084635,,"[[323, 0, 92, 7, 0, 0], [0, 146, 18, 0, 0, 1], [2, 0, 1764, 10, 0, 153], [1, 0, 28, 2047, 0, 1], [0, 0, 297, 0, 0, 35], [0, 0, 6, 0, 0, 2088]]"
0,50,MLP_few,0.7701812986768625,0.6919061194194295,0.7701812986768625,0.9759670110126267,0.9716291374503115,"[[360, 1, 19, 42, 0, 0], [0, 163, 0, 0, 0, 2], [4, 136, 1529, 18, 0, 242], [0, 1, 22, 2053, 0, 1], [1, 244, 36, 9, 0, 42], [0, 1, 1, 0, 0, 2092]]"
0,50,FT_full_RF,0.9317452034056638,0.9064062317330395,0.9317452034056638,0.9877207404408904,0.9841425901502484,"[[422, 0, 0, 0, 0, 0], [0, 163, 1, 0, 0, 1], [40, 56, 1616, 134, 26, 57], [1, 0, 5, 2071, 0, 0], [5, 18, 15, 9, 256, 29], [1, 1, 3, 2, 0, 2087]]"
0,50,FT_full_MLP,0.9299185987538187,0.8813052506549396,0.9299185987538187,0.9878351801764467,0.9921373815698743,"[[422, 0, 0, 0, 0, 0], [0, 163, 1, 0, 0, 1], [20, 190, 1590, 15, 7, 107], [3, 2, 5, 2067, 0, 0], [5, 23, 14, 0, 257, 33], [0, 1, 3, 0, 0, 2090]]"
0,50,FT_freeze_RF,0.9388826120643491,0.9115936573701252,0.9388826120643491,0.9907987500631842,0.9917478004265169,"[[422, 0, 0, 0, 0, 0], [0, 163, 1, 0, 0, 1], [9, 78, 1713, 49, 29, 51], [1, 0, 6, 2070, 0, 0], [2, 21, 21, 8, 254, 26], [0, 1, 5, 3, 0, 2085]]"
0,50,FT_freeze_MLP,0.9284006034964802,0.8758094986745113,0.9284006034964802,0.9869374038149031,0.9913507461551422,"[[422, 0, 0, 0, 0, 0], [0, 163, 1, 0, 0, 1], [16, 204, 1555, 14, 18, 122], [4, 2, 4, 2067, 0, 0], [3, 23, 12, 0, 260, 34], [0, 1, 3, 0, 0, 2090]]"
0,100,RF_original,0.9052357014984919,0.8533001295085373,0.9052357014984919,0.9783541508855663,0.9951598158221917,"[[420, 0, 2, 0, 0, 0], [0, 162, 0, 1, 1, 1], [8, 194, 1304, 130, 24, 269], [1, 1, 2, 2072, 0, 1], [2, 24, 6, 7, 260, 33], [0, 1, 0, 3, 1, 2089]]"
0,100,MLP_original,0.9246744783720012,0.8642136804470232,0.9246744783720012,0.9843483930847415,0.9952750553736444,"[[422, 0, 0, 0, 0, 0], [0, 161, 2, 0, 2, 0], [12, 174, 1456, 58, 92, 137], [1, 1, 3, 2072, 0, 0], [2, 15, 7, 0, 273, 35], [0, 2, 1, 1, 1, 2089]]"
0,100,RF_latent_zero,0.9150390286534037,0.8957847988154612,0.9150390286534037,0.9815056617032069,0.9920519112337308,"[[421, 0, 0, 1, 0, 0], [0, 162, 1, 1, 0, 1], [4, 56, 1441, 301, 27, 100], [1, 0, 1, 2075, 0, 0], [1, 18, 16, 13, 255, 29], [0, 1, 2, 4, 0, 2087]]"
0,100,MLP_latent_zero,0.9179283182088618,0.8562237033363078,0.9179283182088618,0.9833795575242451,0.9948964373410615,"[[422, 0, 0, 0, 0, 0], [0, 163, 1, 0, 0, 1], [20, 240, 1431, 54, 34, 150], [2, 3, 1, 2071, 0, 0], [3, 26, 8, 0, 260, 35], [0, 1, 2, 2, 0, 2089]]"
0,100,RF_few,0.8211850813531725,0.8465461996436323,0.8211850813531725,0.9857604416822067,0.994410585645448,"[[389, 0, 32, 1, 0, 0], [0, 142, 22, 0, 0, 1], [3, 1, 1855, 11, 4, 55], [1, 0, 29, 2047, 0, 0], [0, 0, 242, 1, 67, 22], [0, 0, 9, 0, 0, 2085]]"
0,100,MLP_few,0.8062741570545039,0.7246490627705335,0.8062741570545039,0.9822129219884154,0.9860970184901579,"[[417, 0, 3, 2, 0, 0], [0, 161, 2, 0, 2, 0], [11, 184, 1574, 13, 130, 17], [1, 2, 9, 2065, 0, 0], [9, 264, 27, 2, 23, 7], [0, 5, 0, 0, 7, 2082]]"
0,100,FT_full_RF,0.9413459125091785,0.9398967220321749,0.9413459125091785,0.9916372983543739,0.994780627709077,"[[418, 0, 3, 1, 0, 0], [0, 162, 2, 0, 0, 1], [4, 11, 1758, 62, 48, 46], [1, 0, 3, 2073, 0, 0], [1, 5, 38, 10, 256, 22], [0, 0, 6, 3, 1, 2084]]"
0,100,FT_full_MLP,0.9428512199107214,0.9370589754986162,0.9428512199107214,0.9919149095649981,0.9955721403942391,"[[419, 0, 3, 0, 0, 0], [0, 162, 2, 0, 0, 1], [4, 24, 1766, 16, 22, 97], [1, 0, 8, 2068, 0, 0], [1, 14, 29, 0, 257, 31], [0, 0, 4, 0, 2, 2088]]"
0,100,FT_freeze_RF,0.9440847476992006,0.9399770912853181,0.9440847476992006,0.9924538672259393,0.9951982467891406,"[[418, 0, 3, 1, 0, 0], [0, 162, 2, 0, 0, 1], [4, 14, 1779, 42, 50, 40], [1, 0, 3, 2073, 0, 0], [1, 6, 39, 7, 258, 21], [0, 0, 6, 2, 3, 2083]]"
0,100,FT_freeze_MLP,0.9431178523072673,0.9310782555861108,0.9431178523072673,0.9919431948262035,0.9957138468018094,"[[421, 0, 1, 0, 0, 0], [0, 162, 2, 0, 0, 1], [5, 37, 1759, 18, 23, 87], [1, 0, 5, 2071, 0, 0], [1, 17, 26, 1, 257, 30], [0, 0, 6, 0, 2, 2086]]"
0,150,RF_original,0.9052357014984919,0.8533001295085373,0.9052357014984919,0.9783541508855663,0.9951598158221917,"[[420, 0, 2, 0, 0, 0], [0, 162, 0, 1, 1, 1], [8, 194, 1304, 130, 24, 269], [1, 1, 2, 2072, 0, 1], [2, 24, 6, 7, 260, 33], [0, 1, 0, 3, 1, 2089]]"
0,150,MLP_original,0.9246744783720012,0.8642136804470232,0.9246744783720012,0.9843483930847415,0.9952750553736444,"[[422, 0, 0, 0, 0, 0], [0, 161, 2, 0, 2, 0], [12, 174, 1456, 58, 92, 137], [1, 1, 3, 2072, 0, 0], [2, 15, 7, 0, 273, 35], [0, 2, 1, 1, 1, 2089]]"
0,150,RF_latent_zero,0.9150390286534037,0.8957847988154612,0.9150390286534037,0.9815056617032069,0.9920519112337308,"[[421, 0, 0, 1, 0, 0], [0, 162, 1, 1, 0, 1], [4, 56, 1441, 301, 27, 100], [1, 0, 1, 2075, 0, 0], [1, 18, 16, 13, 255, 29], [0, 1, 2, 4, 0, 2087]]"
0,150,MLP_latent_zero,0.9179283182088618,0.8562237033363078,0.9179283182088618,0.9833795575242451,0.9948964373410615,"[[422, 0, 0, 0, 0, 0], [0, 163, 1, 0, 0, 1], [20, 240, 1431, 54, 34, 150], [2, 3, 1, 2071, 0, 0], [3, 26, 8, 0, 260, 35], [0, 1, 2, 2, 0, 2089]]"
0,150,RF_few,0.9261299403009966,0.9490143718787859,0.9261299403009966,0.9933536876025145,0.9953027313978619,"[[402, 0, 15, 5, 0, 0], [0, 147, 17, 0, 0, 1], [4, 1, 1865, 14, 4, 41], [1, 0, 6, 2069, 0, 1], [0, 0, 64, 2, 251, 15], [0, 0, 11, 0, 1, 2082]]"
0,150,MLP_few,0.9420840917528556,0.9355682386506426,0.9420840917528556,0.9924962487630066,0.9951005982722799,"[[419, 0, 1, 2, 0, 0], [0, 157, 7, 0, 0, 1], [11, 12, 1770, 16, 80, 40], [1, 1, 5, 2070, 0, 0], [2, 1, 45, 0, 265, 19], [0, 0, 7, 0, 2, 2085]]"
0,150,FT_full_RF,0.9467643604197605,0.959208593984669,0.9467643604197605,0.9935978882899986,0.9950382038034881,"[[420, 0, 1, 1, 0, 0], [0, 160, 4, 0, 0, 1], [4, 2, 1831, 38, 8, 46], [1, 0, 5, 2071, 0, 0], [1, 0, 50, 6, 257, 18], [0, 0, 8, 1, 1, 2084]]"
0,150,FT_full_MLP,0.9447896707123503,0.956904555565766,0.9447896707123503,0.9925430407236621,0.9951152728771432,"[[421, 0, 1, 0, 0, 0], [0, 160, 4, 0, 0, 1], [4, 2, 1795, 14, 9, 105], [1, 0, 5, 2071, 0, 0], [1, 0, 42, 0, 258, 31], [0, 0, 6, 0, 1, 2087]]"
0,150,FT_freeze_RF,0.94668050044752,0.9592764922277297,0.94668050044752,0.9937699276066484,0.9940083180945635,"[[421, 0, 0, 1, 0, 0], [0, 160, 4, 0, 0, 1], [5, 2, 1838, 37, 7, 40], [1, 0, 5, 2071, 0, 0], [1, 0, 53, 6, 255, 17], [0, 0, 9, 1, 1, 2083]]"
0,150,FT_freeze_MLP,0.9451352729242046,0.9559776390424629,0.9451352729242046,0.9927245772190528,0.9957253165286102,"[[421, 0, 1, 0, 0, 0], [0, 160, 4, 0, 0, 1], [4, 3, 1799, 13, 13, 97], [1, 0, 5, 2071, 0, 0], [1, 0, 43, 0, 258, 30], [0, 0, 6, 0, 1, 2087]]"
0,200,RF_original,0.9052357014984919,0.8533001295085373,0.9052357014984919,0.9783541508855663,0.9951598158221917,"[[420, 0, 2, 0, 0, 0], [0, 162, 0, 1, 1, 1], [8, 194, 1304, 130, 24, 269], [1, 1, 2, 2072, 0, 1], [2, 24, 6, 7, 260, 33], [0, 1, 0, 3, 1, 2089]]"
0,200,MLP_original,0.9246744783720012,0.8642136804470232,0.9246744783720012,0.9843483930847415,0.9952750553736444,"[[422, 0, 0, 0, 0, 0], [0, 161, 2, 0, 2, 0], [12, 174, 1456, 58, 92, 137], [1, 1, 3, 2072, 0, 0], [2, 15, 7, 0, 273, 35], [0, 2, 1, 1, 1, 2089]]"
0,200,RF_latent_zero,0.9150390286534037,0.8957847988154612,0.9150390286534037,0.9815056617032069,0.9920519112337308,"[[421, 0, 0, 1, 0, 0], [0, 162, 1, 1, 0, 1], [4, 56, 1441, 301, 27, 100], [1, 0, 1, 2075, 0, 0], [1, 18, 16, 13, 255, 29], [0, 1, 2, 4, 0, 2087]]"
0,200,MLP_latent_zero,0.9179283182088618,0.8562237033363078,0.9179283182088618,0.9833795575242451,0.9948964373410615,"[[422, 0, 0, 0, 0, 0], [0, 163, 1, 0, 0, 1], [20, 240, 1431, 54, 34, 150], [2, 3, 1, 2071, 0, 0], [3, 26, 8, 0, 260, 35], [0, 1, 2, 2, 0, 2089]]"
0,200,RF_few,0.9273462238236493,0.9473462416582041,0.9273462238236493,0.9933588184008809,0.9962293615502982,"[[412, 0, 7, 3, 0, 0], [0, 143, 20, 0, 1, 1], [4, 0, 1852, 16, 16, 41], [1, 0, 7, 2069, 0, 0], [0, 0, 60, 3, 256, 13], [0, 0, 11, 0, 2, 2081]]"
0,200,MLP_few,0.9509423150123681,0.9327595873556009,0.9509423150123681,0.9924933839338083,0.9952195965183819,"[[421, 0, 0, 1, 0, 0], [0, 156, 6, 0, 3, 0], [13, 4, 1724, 19, 153, 16], [1, 0, 4, 2071, 1, 0], [3, 0, 25, 0, 291, 13], [0, 0, 2, 0, 8, 2084]]"
0,200,FT_full_RF,0.9485027509431232,0.9512148267317363,0.9485027509431232,0.99243584764252,0.9949797973892461,"[[421, 0, 0, 1, 0, 0], [0, 159, 4, 0, 2, 0], [4, 2, 1772, 66, 48, 37], [1, 0, 4, 2072, 0, 0], [1, 0, 35, 10, 272, 14], [0, 0, 9, 2, 1, 2082]]"
0,200,FT_full_MLP,0.9488110388536574,0.9498452518629873,0.9488110388536574,0.9918269310877585,0.9948834871500264,"[[422, 0, 0, 0, 0, 0], [0, 159, 3, 0, 2, 1], [6, 2, 1745, 15, 51, 110], [1, 0, 5, 2071, 0, 0], [2, 0, 27, 0, 276, 27], [0, 0, 7, 0, 1, 2086]]"
0,200,FT_freeze_RF,0.9488313064142114,0.9515549209229293,0.9488313064142114,0.9923914106762428,0.99516957073499,"[[421, 0, 0, 1, 0, 0], [0, 159, 4, 0, 2, 0], [4, 2, 1770, 65, 47, 41], [1, 0, 5, 2071, 0, 0], [1, 0, 33, 7, 273, 18], [0, 0, 9, 1, 1, 2083]]"
0,200,FT_freeze_MLP,0.9481130263634547,0.9483463192438443,0.9481130263634547,0.9915818241118637,0.9950133727520908,"[[422, 0, 0, 0, 0, 0], [0, 159, 3, 0, 2, 1], [5, 2, 1736, 16, 54, 116], [1, 0, 5, 2071, 0, 0], [2, 1, 26, 0, 276, 27], [0, 0, 6, 0, 1, 2087]]"
0,250,RF_original,0.9052357014984919,0.8533001295085373,0.9052357014984919,0.9783541508855663,0.9951598158221917,"[[420, 0, 2, 0, 0, 0], [0, 162, 0, 1, 1, 1], [8, 194, 1304, 130, 24, 269], [1, 1, 2, 2072, 0, 1], [2, 24, 6, 7, 260, 33], [0, 1, 0, 3, 1, 2089]]"
0,250,MLP_original,0.9246744783720012,0.8642136804470232,0.9246744783720012,0.9843483930847415,0.9952750553736444,"[[422, 0, 0, 0, 0, 0], [0, 161, 2, 0, 2, 0], [12, 174, 1456, 58, 92, 137], [1, 1, 3, 2072, 0, 0], [2, 15, 7, 0, 273, 35], [0, 2, 1, 1, 1, 2089]]"
0,250,RF_latent_zero,0.9150390286534037,0.8957847988154612,0.9150390286534037,0.9815056617032069,0.9920519112337308,"[[421, 0, 0, 1, 0, 0], [0, 162, 1, 1, 0, 1], [4, 56, 1441, 301, 27, 100], [1, 0, 1, 2075, 0, 0], [1, 18, 16, 13, 255, 29], [0, 1, 2, 4, 0, 2087]]"
0,250,MLP_latent_zero,0.9179283182088618,0.8562237033363078,0.9179283182088618,0.9833795575242451,0.9948964373410615,"[[422, 0, 0, 0, 0, 0], [0, 163, 1, 0, 0, 1], [20, 240, 1431, 54, 34, 150], [2, 3, 1, 2071, 0, 0], [3, 26, 8, 0, 260, 35], [0, 1, 2, 2, 0, 2089]]"
0,250,RF_few,0.9200360981058967,0.9458442146969253,0.9200360981058967,0.9934523754372652,0.9963543543383855,"[[410, 0, 8, 4, 0, 0], [0, 137, 27, 0, 0, 1], [3, 0, 1869, 13, 6, 38], [1, 0, 6, 2069, 0, 1], [0, 0, 66, 2, 252, 12], [0, 0, 12, 0, 0, 2082]]"
0,250,MLP_few,0.9463507329319859,0.9398213616961958,0.9463507329319859,0.9930162272271454,0.9955381392053395,"[[421, 0, 0, 1, 0, 0], [0, 153, 9, 0, 2, 1], [21, 4, 1768, 13, 88, 35], [1, 0, 4, 2071, 1, 0], [3, 0, 31, 1, 280, 17], [1, 0, 6, 0, 1, 2086]]"
0,250,FT_full_RF,0.9508959839212912,0.9546562272029261,0.9508959839212912,0.99297456247788,0.9960466681295418,"[[421, 0, 0, 1, 0, 0], [0, 159, 3, 0, 2, 1], [4, 2, 1789, 62, 37, 35], [1, 0, 4, 2072, 0, 0], [1, 0, 39, 4, 274, 14], [0, 0, 8, 1, 4, 2081]]"
0,250,FT_full_MLP,0.9462050109208927,0.9435223687066213,0.9462050109208927,0.9916641600438895,0.9955448644485014,"[[422, 0, 0, 0, 0, 0], [0, 159, 3, 0, 2, 1], [6, 3, 1739, 14, 70, 97], [1, 0, 5, 2071, 0, 0], [2, 1, 31, 0, 272, 26], [0, 0, 6, 0, 3, 2085]]"
0,250,FT_freeze_RF,0.9523278490219381,0.9532205647634776,0.9523278490219381,0.9931207330541877,0.9959591291877737,"[[421, 0, 0, 1, 0, 0], [0, 160, 2, 0, 2, 1], [4, 2, 1789, 50, 50, 34], [1, 0, 5, 2071, 0, 0], [1, 0, 37, 4, 275, 15], [0, 0, 8, 1, 4, 2081]]"
0,250,FT_freeze_MLP,0.9480491060419878,0.9460525042352718,0.9480491060419878,0.9917913655733631,0.9954447137328892,"[[422, 0, 0, 0, 0, 0], [0, 160, 2, 0, 2, 1], [6, 3, 1741, 13, 63, 103], [1, 0, 5, 2071, 0, 0], [2, 1, 29, 0, 273, 27], [0, 0, 5, 0, 2, 2087]]"
50,50,RF_original,0.9052357014984919,0.8533001295085373,0.9052357014984919,0.9783541508855663,0.9951598158221917,"[[420, 0, 2, 0, 0, 0], [0, 162, 0, 1, 1, 1], [8, 194, 1304, 130, 24, 269], [1, 1, 2, 2072, 0, 1], [2, 24, 6, 7, 260, 33], [0, 1, 0, 3, 1, 2089]]"
50,50,MLP_original,0.9246744783720012,0.8642136804470232,0.9246744783720012,0.9843483930847415,0.9952750553736444,"[[422, 0, 0, 0, 0, 0], [0, 161, 2, 0, 2, 0], [12, 174, 1456, 58, 92, 137], [1, 1, 3, 2072, 0, 0], [2, 15, 7, 0, 273, 35], [0, 2, 1, 1, 1, 2089]]"
50,50,RF_latent_zero,0.9150390286534037,0.8957847988154612,0.9150390286534037,0.9815056617032069,0.9920519112337308,"[[421, 0, 0, 1, 0, 0], [0, 162, 1, 1, 0, 1], [4, 56, 1441, 301, 27, 100], [1, 0, 1, 2075, 0, 0], [1, 18, 16, 13, 255, 29], [0, 1, 2, 4, 0, 2087]]"
50,50,MLP_latent_zero,0.9179283182088618,0.8562237033363078,0.9179283182088618,0.9833795575242451,0.9948964373410615,"[[422, 0, 0, 0, 0, 0], [0, 163, 1, 0, 0, 1], [20, 240, 1431, 54, 34, 150], [2, 3, 1, 2071, 0, 0], [3, 26, 8, 0, 260, 35], [0, 1, 2, 2, 0, 2089]]"
50,50,RF_few,0.7579009236697914,0.7666288666153637,0.7579009236697914,0.9784810322084635,,"[[323, 0, 92, 7, 0, 0], [0, 146, 18, 0, 0, 1], [2, 0, 1764, 10, 0, 153], [1, 0, 28, 2047, 0, 1], [0, 0, 297, 0, 0, 35], [0, 0, 6, 0, 0, 2088]]"
50,50,MLP_few,0.7920698642659908,0.7119551120687005,0.7920698642659908,0.9768918565130918,0.9875275047257408,"[[404, 0, 7, 11, 0, 0], [0, 164, 0, 0, 0, 1], [12, 131, 1523, 12, 9, 242], [2, 1, 43, 2030, 0, 1], [9, 226, 42, 3, 12, 40], [0, 4, 0, 0, 0, 2090]]"
50,50,FT_full_RF,0.9362016543417565,0.9218302177825821,0.9362016543417565,0.989167776955347,0.9915531343368501,"[[421, 0, 1, 0, 0, 0], [0, 163, 1, 0, 0, 1], [4, 30, 1674, 108, 46, 67], [1, 0, 6, 2070, 0, 0], [1, 18, 21, 7, 256, 29], [0, 1, 4, 3, 0, 2086]]"
50,50,FT_full_MLP,0.9330279376289378,0.889064666032612,0.9330279376289378,0.9878685982074661,0.9951536748009784,"[[422, 0, 0, 0, 0, 0], [0, 163, 1, 0, 0, 1], [10, 131, 1596, 28, 44, 120], [2, 2, 4, 2069, 0, 0], [2, 21, 13, 0, 262, 34], [0, 1, 2, 2, 0, 2089]]"
50,50,FT_freeze_RF,0.9354755847982522,0.9216460185814142,0.9354755847982522,0.9886972132150252,0.9920861596725077,"[[421, 0, 1, 0, 0, 0], [0, 163, 1, 0, 0, 1], [4, 29, 1657, 126, 44, 69], [1, 0, 3, 2073, 0, 0], [1, 18, 19, 8, 257, 29], [0, 1, 4, 3, 0, 2086]]"
50,50,FT_freeze_MLP,0.9340845701579302,0.8946835335366754,0.9340845701579302,0.9884052584780383,0.9953785620076944,"[[422, 0, 0, 0, 0, 0], [0, 163, 1, 0, 0, 1], [7, 122, 1618, 26, 33, 123], [1, 2, 4, 2070, 0, 0], [2, 22, 14, 0, 260, 34], [0, 1, 2, 1, 0, 2090]]"
50,100,RF_original,0.9052357014984919,0.8533001295085373,0.9052357014984919,0.9783541508855663,0.9951598158221917,"[[420, 0, 2, 0, 0, 0], [0, 162, 0, 1, 1, 1], [8, 194, 1304, 130, 24, 269], [1, 1, 2, 2072, 0, 1], [2, 24, 6, 7, 260, 33], [0, 1, 0, 3, 1, 2089]]"
50,100,MLP_original,0.9246744783720012,0.8642136804470232,0.9246744783720012,0.9843483930847415,0.9952750553736444,"[[422, 0, 0, 0, 0, 0], [0, 161, 2, 0, 2, 0], [12, 174, 1456, 58, 92, 137], [1, 1, 3, 2072, 0, 0], [2, 15, 7, 0, 273, 35], [0, 2, 1, 1, 1, 2089]]"
50,100,RF_latent_zero,0.9150390286534037,0.8957847988154612,0.9150390286534037,0.9815056617032069,0.9920519112337308,"[[421, 0, 0, 1, 0, 0], [0, 162, 1, 1, 0, 1], [4, 56, 1441, 301, 27, 100], [1, 0, 1, 2075, 0, 0], [1, 18, 16, 13, 255, 29], [0, 1, 2, 4, 0, 2087]]"
50,100,MLP_latent_zero,0.9179283182088618,0.8562237033363078,0.9179283182088618,0.9833795575242451,0.9948964373410615,"[[422, 0, 0, 0, 0, 0], [0, 163, 1, 0, 0, 1], [20, 240, 1431, 54, 34, 150], [2, 3, 1, 2071, 0, 0], [3, 26, 8, 0, 260, 35], [0, 1, 2, 2, 0, 2089]]"
50,100,RF_few,0.8211850813531725,0.8465461996436323,0.8211850813531725,0.9857604416822067,0.994410585645448,"[[389, 0, 32, 1, 0, 0], [0, 142, 22, 0, 0, 1], [3, 1, 1855, 11, 4, 55], [1, 0, 29, 2047, 0, 0], [0, 0, 242, 1, 67, 22], [0, 0, 9, 0, 0, 2085]]"
50,100,MLP_few,0.7981345909569093,0.7138304065984448,0.7981345909569093,0.9818030040123026,0.9869416648839611,"[[414, 0, 4, 4, 0, 0], [0, 157, 7, 0, 1, 0], [12, 155, 1610, 22, 67, 63], [1, 2, 10, 2064, 0, 0], [62, 203, 32, 2, 11, 22], [0, 4, 1, 2, 4, 2083]]"
50,100,FT_full_RF,0.9355039353957492,0.9162990217672444,0.9355039353957492,0.9885209428817469,0.9951691275214619,"[[421, 0, 0, 1, 0, 0], [0, 162, 1, 0, 1, 1], [4, 21, 1636, 114, 103, 51], [1, 0, 3, 2073, 0, 0], [1, 13, 24, 11, 263, 20], [0, 0, 5, 2, 3, 2084]]"
50,100,FT_full_MLP,0.9363367115699086,0.8959313275467337,0.9363367115699086,0.9886427549788991,0.9956978191968755,"[[422, 0, 0, 0, 0, 0], [0, 163, 1, 0, 0, 1], [7, 74, 1615, 16, 103, 114], [2, 2, 1, 2072, 0, 0], [2, 20, 13, 0, 265, 32], [0, 1, 3, 0, 2, 2088]]"
50,100,FT_freeze_RF,0.9387595289315169,0.9279059048216659,0.9387595289315169,0.9900079332182229,0.9947835083080676,"[[421, 0, 0, 1, 0, 0], [0, 162, 2, 0, 0, 1], [4, 21, 1696, 94, 57, 57], [1, 0, 3, 2073, 0, 0], [1, 13, 28, 7, 259, 24], [0, 0, 6, 3, 0, 2085]]"
50,100,FT_freeze_MLP,0.9402698402473355,0.9126524156854331,0.9402698402473355,0.9899132159295586,0.9956433355346492,"[[422, 0, 0, 0, 0, 0], [0, 163, 1, 0, 0, 1], [7, 58, 1674, 15, 57, 118], [2, 2, 3, 2070, 0, 0], [2, 18, 17, 0, 263, 32], [0, 1, 5, 0, 0, 2088]]"
50,150,RF_original,0.9052357014984919,0.8533001295085373,0.9052357014984919,0.9783541508855663,0.9951598158221917,"[[420, 0, 2, 0, 0, 0], [0, 162, 0, 1, 1, 1], [8, 194, 1304, 130, 24, 269], [1, 1, 2, 2072, 0, 1], [2, 24, 6, 7, 260, 33], [0, 1, 0, 3, 1, 2089]]"
50,150,MLP_original,0.9246744783720012,0.8642136804470232,0.9246744783720012,0.9843483930847415,0.9952750553736444,"[[422, 0, 0, 0, 0, 0], [0, 161, 2, 0, 2, 0], [12, 174, 1456, 58, 92, 137], [1, 1, 3, 2072, 0, 0], [2, 15, 7, 0, 273, 35], [0, 2, 1, 1, 1, 2089]]"
50,150,RF_latent_zero,0.9150390286534037,0.8957847988154612,0.9150390286534037,0.9815056617032069,0.9920519112337308,"[[421, 0, 0, 1, 0, 0], [0, 162, 1, 1, 0, 1], [4, 56, 1441, 301, 27, 100], [1, 0, 1, 2075, 0, 0], [1, 18, 16, 13, 255, 29], [0, 1, 2, 4, 0, 2087]]"
50,150,MLP_latent_zero,0.9179283182088618,0.8562237033363078,0.9179283182088618,0.9833795575242451,0.9948964373410615,"[[422, 0, 0, 0, 0, 0], [0, 163, 1, 0, 0, 1], [20, 240, 1431, 54, 34, 150], [2, 3, 1, 2071, 0, 0], [3, 26, 8, 0, 260, 35], [0, 1, 2, 2, 0, 2089]]"
50,150,RF_few,0.9261299403009966,0.9490143718787859,0.9261299403009966,0.9933536876025145,0.9953027313978619,"[[402, 0, 15, 5, 0, 0], [0, 147, 17, 0, 0, 1], [4, 1, 1865, 14, 4, 41], [1, 0, 6, 2069, 0, 1], [0, 0, 64, 2, 251, 15], [0, 0, 11, 0, 1, 2082]]"
50,150,MLP_few,0.9376109322532532,0.9321230735396409,0.9376109322532532,0.9915767893043125,0.9955805002347143,"[[418, 0, 0, 4, 0, 0], [0, 157, 7, 0, 0, 1], [6, 17, 1750, 32, 68, 56], [1, 1, 4, 2071, 0, 0], [1, 3, 39, 1, 260, 28], [0, 0, 7, 0, 1, 2086]]"
50,150,FT_full_RF,0.9491757186290083,0.9540613110049811,0.9491757186290083,0.9930125278929488,0.9957087426459239,"[[421, 0, 0, 1, 0, 0], [0, 161, 3, 0, 0, 1], [4, 3, 1798, 62, 34, 28], [1, 0, 4, 2072, 0, 0], [1, 0, 51, 4, 265, 11], [0, 0, 9, 1, 3, 2081]]"
50,150,FT_full_MLP,0.9433964035598801,0.9378902410362767,0.9433964035598801,0.991506572919707,0.9958093406966592,"[[422, 0, 0, 0, 0, 0], [0, 161, 3, 0, 0, 1], [8, 13, 1744, 13, 62, 89], [2, 0, 7, 2068, 0, 0], [2, 2, 40, 0, 262, 26], [0, 0, 7, 0, 2, 2085]]"
50,150,FT_freeze_RF,0.9455804193639709,0.952794264773965,0.9455804193639709,0.9924272965514328,0.9955515694186213,"[[419, 0, 2, 1, 0, 0], [0, 161, 3, 0, 0, 1], [4, 4, 1786, 71, 26, 38], [1, 0, 3, 2073, 0, 0], [1, 0, 51, 3, 261, 16], [0, 0, 9, 1, 1, 2083]]"
50,150,FT_freeze_MLP,0.9427779835561466,0.9376525295408428,0.9427779835561466,0.9911725251818054,0.9956928007515197,"[[422, 0, 0, 0, 0, 0], [0, 161, 3, 0, 0, 1], [7, 19, 1735, 15, 47, 106], [2, 0, 7, 2068, 0, 0], [2, 2, 38, 0, 262, 28], [0, 0, 6, 0, 1, 2087]]"
50,200,RF_original,0.9052357014984919,0.8533001295085373,0.9052357014984919,0.9783541508855663,0.9951598158221917,"[[420, 0, 2, 0, 0, 0], [0, 162, 0, 1, 1, 1], [8, 194, 1304, 130, 24, 269], [1, 1, 2, 2072, 0, 1], [2, 24, 6, 7, 260, 33], [0, 1, 0, 3, 1, 2089]]"
50,200,MLP_original,0.9246744783720012,0.8642136804470232,0.9246744783720012,0.9843483930847415,0.9952750553736444,"[[422, 0, 0, 0, 0, 0], [0, 161, 2, 0, 2, 0], [12, 174, 1456, 58, 92, 137], [1, 1, 3, 2072, 0, 0], [2, 15, 7, 0, 273, 35], [0, 2, 1, 1, 1, 2089]]"
50,200,RF_latent_zero,0.9150390286534037,0.8957847988154612,0.9150390286534037,0.9815056617032069,0.9920519112337308,"[[421, 0, 0, 1, 0, 0], [0, 162, 1, 1, 0, 1], [4, 56, 1441, 301, 27, 100], [1, 0, 1, 2075, 0, 0], [1, 18, 16, 13, 255, 29], [0, 1, 2, 4, 0, 2087]]"
50,200,MLP_latent_zero,0.9179283182088618,0.8562237033363078,0.9179283182088618,0.9833795575242451,0.9948964373410615,"[[422, 0, 0, 0, 0, 0], [0, 163, 1, 0, 0, 1], [20, 240, 1431, 54, 34, 150], [2, 3, 1, 2071, 0, 0], [3, 26, 8, 0, 260, 35], [0, 1, 2, 2, 0, 2089]]"
50,200,RF_few,0.9273462238236493,0.9473462416582041,0.9273462238236493,0.9933588184008809,0.9962293615502982,"[[412, 0, 7, 3, 0, 0], [0, 143, 20, 0, 1, 1], [4, 0, 1852, 16, 16, 41], [1, 0, 7, 2069, 0, 0], [0, 0, 60, 3, 256, 13], [0, 0, 11, 0, 2, 2081]]"
50,200,MLP_few,0.9547656806045021,0.9286703105059667,0.9547656806045021,0.992551423176297,0.9955421102546982,"[[421, 0, 0, 1, 0, 0], [0, 157, 5, 0, 3, 0], [16, 11, 1711, 15, 167, 9], [1, 0, 4, 2071, 1, 0], [2, 2, 25, 0, 299, 4], [0, 0, 3, 0, 8, 2083]]"
50,200,FT_full_RF,0.9490555339878167,0.9585089162451007,0.9490555339878167,0.9934495767539216,0.9953416432291088,"[[421, 0, 0, 1, 0, 0], [0, 161, 3, 0, 0, 1], [7, 2, 1818, 56, 14, 32], [1, 0, 3, 2073, 0, 0], [2, 0, 51, 4, 261, 14], [0, 0, 10, 1, 1, 2082]]"
50,200,FT_full_MLP,0.9454618573366704,0.9458175106509191,0.9454618573366704,0.9922792942019348,0.9954406730700365,"[[422, 0, 0, 0, 0, 0], [0, 160, 4, 0, 0, 1], [7, 10, 1771, 13, 41, 87], [1, 0, 5, 2071, 0, 0], [2, 1, 41, 0, 263, 25], [0, 0, 7, 0, 2, 2085]]"
50,200,FT_freeze_RF,0.9483114427031006,0.9565524550640704,0.9483114427031006,0.9935923234233212,0.9951606371602763,"[[421, 0, 0, 1, 0, 0], [0, 160, 4, 0, 0, 1], [5, 2, 1822, 49, 25, 26], [1, 0, 3, 2073, 0, 0], [1, 0, 52, 6, 261, 12], [0, 0, 11, 1, 1, 2081]]"
50,200,FT_freeze_MLP,0.9467291571227086,0.9482046990668015,0.9467291571227086,0.9925886067778978,0.995096442319681,"[[422, 0, 0, 0, 0, 0], [0, 160, 4, 0, 0, 1], [6, 7, 1778, 15, 42, 81], [1, 0, 3, 2073, 0, 0], [2, 1, 42, 0, 264, 23], [0, 0, 7, 0, 2, 2085]]"
50,250,RF_original,0.9052357014984919,0.8533001295085373,0.9052357014984919,0.9783541508855663,0.9951598158221917,"[[420, 0, 2, 0, 0, 0], [0, 162, 0, 1, 1, 1], [8, 194, 1304, 130, 24, 269], [1, 1, 2, 2072, 0, 1], [2, 24, 6, 7, 260, 33], [0, 1, 0, 3, 1, 2089]]"
50,250,MLP_original,0.9246744783720012,0.8642136804470232,0.9246744783720012,0.9843483930847415,0.9952750553736444,"[[422, 0, 0, 0, 0, 0], [0, 161, 2, 0, 2, 0], [12, 174, 1456, 58, 92, 137], [1, 1, 3, 2072, 0, 0], [2, 15, 7, 0, 273, 35], [0, 2, 1, 1, 1, 2089]]"
50,250,RF_latent_zero,0.9150390286534037,0.8957847988154612,0.9150390286534037,0.9815056617032069,0.9920519112337308,"[[421, 0, 0, 1, 0, 0], [0, 162, 1, 1, 0, 1], [4, 56, 1441, 301, 27, 100], [1, 0, 1, 2075, 0, 0], [1, 18, 16, 13, 255, 29], [0, 1, 2, 4, 0, 2087]]"
50,250,MLP_latent_zero,0.9179283182088618,0.8562237033363078,0.9179283182088618,0.9833795575242451,0.9948964373410615,"[[422, 0, 0, 0, 0, 0], [0, 163, 1, 0, 0, 1], [20, 240, 1431, 54, 34, 150], [2, 3, 1, 2071, 0, 0], [3, 26, 8, 0, 260, 35], [0, 1, 2, 2, 0, 2089]]"
50,250,RF_few,0.9200360981058967,0.9458442146969253,0.9200360981058967,0.9934523754372652,0.9963543543383855,"[[410, 0, 8, 4, 0, 0], [0, 137, 27, 0, 0, 1], [3, 0, 1869, 13, 6, 38], [1, 0, 6, 2069, 0, 1], [0, 0, 66, 2, 252, 12], [0, 0, 12, 0, 0, 2082]]"
50,250,MLP_few,0.9493625846446222,0.9386581179566846,0.9493625846446222,0.9930004639540772,0.9956446610617878,"[[421, 0, 0, 1, 0, 0], [0, 155, 7, 0, 3, 0], [13, 3, 1759, 12, 113, 29], [1, 0, 4, 2071, 1, 0], [3, 0, 32, 0, 284, 13], [0, 0, 5, 0, 6, 2083]]"
50,250,FT_full_RF,0.9572389052276887,0.9523974866560768,0.9572389052276887,0.9934181807202586,0.9954344838266055,"[[421, 0, 0, 1, 0, 0], [0, 161, 1, 0, 3, 0], [4, 2, 1780, 56, 69, 18], [1, 0, 3, 2073, 0, 0], [2, 0, 33, 7, 284, 6], [0, 0, 6, 1, 6, 2081]]"
50,250,FT_full_MLP,0.952063694056578,0.9440359097223809,0.952063694056578,0.9920600949631279,0.9957283982903241,"[[422, 0, 0, 0, 0, 0], [0, 160, 2, 0, 2, 1], [6, 8, 1737, 15, 73, 90], [1, 0, 3, 2073, 0, 0], [2, 1, 26, 0, 282, 21], [0, 0, 5, 0, 6, 2083]]"
50,250,FT_freeze_RF,0.9558892869515776,0.9507747446434104,0.9558892869515776,0.9932519584236221,0.9955162577009037,"[[421, 0, 0, 1, 0, 0], [0, 161, 1, 0, 3, 0], [6, 2, 1776, 51, 72, 22], [1, 0, 3, 2073, 0, 0], [1, 0, 35, 6, 282, 8], [0, 0, 6, 1, 6, 2081]]"
50,250,FT_freeze_MLP,0.9505344666080454,0.9419262033235065,0.9505344666080454,0.9918460437828576,0.9963338014902261,"[[422, 0, 0, 0, 0, 0], [0, 160, 2, 0, 2, 1], [6, 8, 1730, 14, 81, 90], [1, 0, 3, 2073, 0, 0], [2, 1, 28, 0, 280, 21], [0, 0, 6, 0, 4, 2084]]"
100,50,RF_original,0.9052357014984919,0.8533001295085373,0.9052357014984919,0.9783541508855663,0.9951598158221917,"[[420, 0, 2, 0, 0, 0], [0, 162, 0, 1, 1, 1], [8, 194, 1304, 130, 24, 269], [1, 1, 2, 2072, 0, 1], [2, 24, 6, 7, 260, 33], [0, 1, 0, 3, 1, 2089]]"
100,50,MLP_original,0.9246744783720012,0.8642136804470232,0.9246744783720012,0.9843483930847415,0.9952750553736444,"[[422, 0, 0, 0, 0, 0], [0, 161, 2, 0, 2, 0], [12, 174, 1456, 58, 92, 137], [1, 1, 3, 2072, 0, 0], [2, 15, 7, 0, 273, 35], [0, 2, 1, 1, 1, 2089]]"
100,50,RF_latent_zero,0.9150390286534037,0.8957847988154612,0.9150390286534037,0.9815056617032069,0.9920519112337308,"[[421, 0, 0, 1, 0, 0], [0, 162, 1, 1, 0, 1], [4, 56, 1441, 301, 27, 100], [1, 0, 1, 2075, 0, 0], [1, 18, 16, 13, 255, 29], [0, 1, 2, 4, 0, 2087]]"
100,50,MLP_latent_zero,0.9179283182088618,0.8562237033363078,0.9179283182088618,0.9833795575242451,0.9948964373410615,"[[422, 0, 0, 0, 0, 0], [0, 163, 1, 0, 0, 1], [20, 240, 1431, 54, 34, 150], [2, 3, 1, 2071, 0, 0], [3, 26, 8, 0, 260, 35], [0, 1, 2, 2, 0, 2089]]"
100,50,RF_few,0.7579009236697914,0.7666288666153637,0.7579009236697914,0.9784810322084635,,"[[323, 0, 92, 7, 0, 0], [0, 146, 18, 0, 0, 1], [2, 0, 1764, 10, 0, 153], [1, 0, 28, 2047, 0, 1], [0, 0, 297, 0, 0, 35], [0, 0, 6, 0, 0, 2088]]"
100,50,MLP_few,0.7855949234855393,0.6911546389028406,0.7855949234855393,0.9774869659209179,0.9830233042349187,"[[404, 0, 10, 8, 0, 0], [0, 163, 0, 0, 1, 1], [38, 165, 1503, 12, 42, 169], [4, 1, 24, 2045, 2, 1], [52, 215, 25, 1, 2, 37], [0, 3, 0, 0, 0, 2091]]"
100,50,FT_full_RF,0.9364546993892661,0.925320736008176,0.9364546993892661,0.9891154428185814,0.991532583212939,"[[421, 0, 1, 0, 0, 0], [0, 163, 1, 0, 0, 1], [4, 30, 1676, 119, 30, 70], [1, 0, 5, 2071, 0, 0], [1, 17, 19, 10, 256, 29], [0, 1, 4, 3, 0, 2086]]"
100,50,FT_full_MLP,0.9318415332395952,0.887630370426069,0.9318415332395952,0.9875827003339888,0.9952085501994454,"[[422, 0, 0, 0, 0, 0], [0, 163, 1, 0, 0, 1], [7, 142, 1589, 30, 36, 125], [2, 2, 4, 2069, 0, 0], [2, 22, 13, 1, 261, 33], [0, 1, 3, 2, 0, 2088]]"
100,50,FT_freeze_RF,0.9357450539153667,0.9232425544160812,0.9357450539153667,0.9891223418830357,0.9918854268149498,"[[419, 0, 3, 0, 0, 0], [0, 163, 1, 0, 0, 1], [4, 35, 1676, 106, 28, 80], [1, 0, 4, 2072, 0, 0], [1, 18, 21, 7, 256, 29], [0, 1, 4, 3, 0, 2086]]"
100,50,FT_freeze_MLP,0.9321837579927325,0.8896605334844385,0.9321837579927325,0.9878136560038739,0.9952390051352805,"[[422, 0, 0, 0, 0, 0], [0, 163, 1, 0, 0, 1], [8, 141, 1596, 30, 28, 126], [2, 2, 3, 2070, 0, 0], [2, 22, 14, 0, 260, 34], [0, 1, 2, 1, 0, 2090]]"
100,100,RF_original,0.9052357014984919,0.8533001295085373,0.9052357014984919,0.9783541508855663,0.9951598158221917,"[[420, 0, 2, 0, 0, 0], [0, 162, 0, 1, 1, 1], [8, 194, 1304, 130, 24, 269], [1, 1, 2, 2072, 0, 1], [2, 24, 6, 7, 260, 33], [0, 1, 0, 3, 1, 2089]]"
100,100,MLP_original,0.9246744783720012,0.8642136804470232,0.9246744783720012,0.9843483930847415,0.9952750553736444,"[[422, 0, 0, 0, 0, 0], [0, 161, 2, 0, 2, 0], [12, 174, 1456, 58, 92, 137], [1, 1, 3, 2072, 0, 0], [2, 15, 7, 0, 273, 35], [0, 2, 1, 1, 1, 2089]]"
100,100,RF_latent_zero,0.9150390286534037,0.8957847988154612,0.9150390286534037,0.9815056617032069,0.9920519112337308,"[[421, 0, 0, 1, 0, 0], [0, 162, 1, 1, 0, 1], [4, 56, 1441, 301, 27, 100], [1, 0, 1, 2075, 0, 0], [1, 18, 16, 13, 255, 29], [0, 1, 2, 4, 0, 2087]]"
100,100,MLP_latent_zero,0.9179283182088618,0.8562237033363078,0.9179283182088618,0.9833795575242451,0.9948964373410615,"[[422, 0, 0, 0, 0, 0], [0, 163, 1, 0, 0, 1], [20, 240, 1431, 54, 34, 150], [2, 3, 1, 2071, 0, 0], [3, 26, 8, 0, 260, 35], [0, 1, 2, 2, 0, 2089]]"
100,100,RF_few,0.8211850813531725,0.8465461996436323,0.8211850813531725,0.9857604416822067,0.994410585645448,"[[389, 0, 32, 1, 0, 0], [0, 142, 22, 0, 0, 1], [3, 1, 1855, 11, 4, 55], [1, 0, 29, 2047, 0, 0], [0, 0, 242, 1, 67, 22], [0, 0, 9, 0, 0, 2085]]"
100,100,MLP_few,0.8146212996125759,0.7351436323793243,0.8146212996125759,0.9816873719081148,0.9898167554801635,"[[420, 0, 0, 2, 0, 0], [0, 161, 2, 0, 2, 0], [15, 183, 1530, 13, 168, 20], [3, 2, 8, 2064, 0, 0], [14, 236, 27, 1, 45, 9], [0, 3, 0, 0, 9, 2082]]"
100,100,FT_full_RF,0.9439676873128615,0.9322060893796938,0.9439676873128615,0.9911261458108696,0.9951382017307929,"[[421, 0, 0, 1, 0, 0], [0, 163, 1, 0, 0, 1], [4, 25, 1729, 92, 40, 39], [1, 0, 3, 2073, 0, 0], [1, 16, 29, 8, 262, 16], [0, 0, 7, 2, 2, 2083]]"
100,100,FT_full_MLP,0.9406662732881835,0.9050145380125186,0.9406662732881835,0.9898785362645647,0.9957568438835952,"[[422, 0, 0, 0, 0, 0], [0, 163, 1, 0, 0, 1], [8, 73, 1663, 19, 68, 98], [2, 2, 3, 2070, 0, 0], [2, 22, 15, 0, 266, 27], [0, 1, 5, 0, 2, 2086]]"
100,100,FT_freeze_RF,0.9415051721880331,0.9288007837204505,0.9415051721880331,0.9907616618440126,0.9949806076644411,"[[421, 0, 0, 1, 0, 0], [0, 162, 2, 0, 0, 1], [4, 25, 1718, 79, 47, 56], [1, 0, 3, 2073, 0, 0], [1, 16, 27, 8, 261, 19], [0, 0, 5, 2, 4, 2083]]"
100,100,FT_freeze_MLP,0.9413404309711261,0.9062197878555689,0.9413404309711261,0.989966892321038,0.9956825551777496,"[[422, 0, 0, 0, 0, 0], [0, 163, 1, 0, 0, 1], [8, 68, 1665, 18, 72, 98], [2, 2, 4, 2069, 0, 0], [2, 22, 14, 0, 267, 27], [0, 1, 4, 0, 2, 2087]]"
100,150,RF_original,0.9052357014984919,0.8533001295085373,0.9052357014984919,0.9783541508855663,0.9951598158221917,"[[420, 0, 2, 0, 0, 0], [0, 162, 0, 1, 1, 1], [8, 194, 1304, 130, 24, 269], [1, 1, 2, 2072, 0, 1], [2, 24, 6, 7, 260, 33], [0, 1, 0, 3, 1, 2089]]"
100,150,MLP_original,0.9246744783720012,0.8642136804470232,0.9246744783720012,0.9843483930847415,0.9952750553736444,"[[422, 0, 0, 0, 0, 0], [0, 161, 2, 0, 2, 0], [12, 174, 1456, 58, 92, 137], [1, 1, 3, 2072, 0, 0], [2, 15, 7, 0, 273, 35], [0, 2, 1, 1, 1, 2089]]"
100,150,RF_latent_zero,0.9150390286534037,0.8957847988154612,0.9150390286534037,0.9815056617032069,0.9920519112337308,"[[421, 0, 0, 1, 0, 0], [0, 162, 1, 1, 0, 1], [4, 56, 1441, 301, 27, 100], [1, 0, 1, 2075, 0, 0], [1, 18, 16, 13, 255, 29], [0, 1, 2, 4, 0, 2087]]"
100,150,MLP_latent_zero,0.9179283182088618,0.8562237033363078,0.9179283182088618,0.9833795575242451,0.9948964373410615,"[[422, 0, 0, 0, 0, 0], [0, 163, 1, 0, 0, 1], [20, 240, 1431, 54, 34, 150], [2, 3, 1, 2071, 0, 0], [3, 26, 8, 0, 260, 35], [0, 1, 2, 2, 0, 2089]]"
100,150,RF_few,0.9261299403009966,0.9490143718787859,0.9261299403009966,0.9933536876025145,0.9953027313978619,"[[402, 0, 15, 5, 0, 0], [0, 147, 17, 0, 0, 1], [4, 1, 1865, 14, 4, 41], [1, 0, 6, 2069, 0, 1], [0, 0, 64, 2, 251, 15], [0, 0, 11, 0, 1, 2082]]"
100,150,MLP_few,0.9453021165662535,0.9316062156017004,0.9453021165662535,0.9923107478418564,0.9953358328300513,"[[421, 0, 0, 1, 0, 0], [0, 156, 8, 0, 1, 0], [15, 9, 1741, 17, 121, 26], [1, 0, 6, 2069, 1, 0], [2, 1, 39, 0, 277, 13], [0, 0, 5, 0, 4, 2085]]"
100,150,FT_full_RF,0.9491367714463217,0.9488068797128766,0.9491367714463217,0.9928600137936018,0.9957720327221541,"[[421, 0, 0, 1, 0, 0], [0, 161, 3, 0, 0, 1], [4, 5, 1785, 51, 48, 36], [1, 0, 3, 2073, 0, 0], [2, 2, 45, 3, 267, 13], [0, 0, 6, 1, 6, 2081]]"
100,150,FT_full_MLP,0.944916439000124,0.9296022207615379,0.944916439000124,0.9911539344208472,0.9963731937506609,"[[422, 0, 0, 0, 0, 0], [0, 161, 3, 0, 0, 1], [8, 30, 1720, 13, 59, 99], [3, 1, 5, 2068, 0, 0], [2, 7, 32, 0, 269, 22], [0, 0, 6, 0, 2, 2086]]"
100,150,FT_freeze_RF,0.9500769388546492,0.9539675759476661,0.9500769388546492,0.9928717966339979,0.9956701535490332,"[[421, 0, 0, 1, 0, 0], [0, 161, 3, 0, 0, 1], [4, 5, 1791, 63, 30, 36], [1, 0, 4, 2072, 0, 0], [1, 0, 47, 3, 268, 13], [0, 0, 7, 1, 5, 2081]]"
100,150,FT_freeze_MLP,0.9457268345481014,0.9402688372122118,0.9457268345481014,0.9915860962801838,0.9961759013198143,"[[422, 0, 0, 0, 0, 0], [0, 161, 3, 0, 0, 1], [7, 11, 1741, 13, 63, 94], [2, 0, 7, 2068, 0, 0], [2, 2, 38, 0, 267, 23], [0, 0, 6, 0, 2, 2086]]"
100,200,RF_original,0.9052357014984919,0.8533001295085373,0.9052357014984919,0.9783541508855663,0.9951598158221917,"[[420, 0, 2, 0, 0, 0], [0, 162, 0, 1, 1, 1], [8, 194, 1304, 130, 24, 269], [1, 1, 2, 2072, 0, 1], [2, 24, 6, 7, 260, 33], [0, 1, 0, 3, 1, 2089]]"
100,200,MLP_original,0.9246744783720012,0.8642136804470232,0.9246744783720012,0.9843483930847415,0.9952750553736444,"[[422, 0, 0, 0, 0, 0], [0, 161, 2, 0, 2, 0], [12, 174, 1456, 58, 92, 137], [1, 1, 3, 2072, 0, 0], [2, 15, 7, 0, 273, 35], [0, 2, 1, 1, 1, 2089]]"
100,200,RF_latent_zero,0.9150390286534037,0.8957847988154612,0.9150390286534037,0.9815056617032069,0.9920519112337308,"[[421, 0, 0, 1, 0, 0], [0, 162, 1, 1, 0, 1], [4, 56, 1441, 301, 27, 100], [1, 0, 1, 2075, 0, 0], [1, 18, 16, 13, 255, 29], [0, 1, 2, 4, 0, 2087]]"
100,200,MLP_latent_zero,0.9179283182088618,0.8562237033363078,0.9179283182088618,0.9833795575242451,0.9948964373410615,"[[422, 0, 0, 0, 0, 0], [0, 163, 1, 0, 0, 1], [20, 240, 1431, 54, 34, 150], [2, 3, 1, 2071, 0, 0], [3, 26, 8, 0, 260, 35], [0, 1, 2, 2, 0, 2089]]"
100,200,RF_few,0.9273462238236493,0.9473462416582041,0.9273462238236493,0.9933588184008809,0.9962293615502982,"[[412, 0, 7, 3, 0, 0], [0, 143, 20, 0, 1, 1], [4, 0, 1852, 16, 16, 41], [1, 0, 7, 2069, 0, 0], [0, 0, 60, 3, 256, 13], [0, 0, 11, 0, 2, 2081]]"
100,200,MLP_few,0.9523237565855603,0.9294000824343476,0.9523237565855603,0.9921026761117705,0.9951074470182616,"[[420, 0, 0, 2, 0, 0], [0, 157, 5, 0, 3, 0], [7, 4, 1698, 22, 192, 6], [1, 0, 2, 2072, 2, 0], [2, 0, 25, 0, 297, 8], [0, 0, 3, 1, 7, 2083]]"
100,200,FT_full_RF,0.9524444707815322,0.9510298751727588,0.9524444707815322,0.993168273255644,0.9952992451833852,"[[422, 0, 0, 0, 0, 0], [0, 160, 3, 0, 2, 0], [4, 2, 1783, 45, 64, 31], [1, 0, 3, 2073, 0, 0], [1, 0, 38, 4, 275, 14], [0, 0, 8, 1, 3, 2082]]"
100,200,FT_full_MLP,0.9489124069674496,0.9427961619574038,0.9489124069674496,0.9919752679846714,0.9956383723295484,"[[422, 0, 0, 0, 0, 0], [0, 160, 3, 0, 1, 1], [8, 5, 1744, 12, 78, 82], [2, 0, 7, 2068, 0, 0], [2, 1, 30, 0, 275, 24], [0, 0, 6, 0, 3, 2085]]"
100,200,FT_freeze_RF,0.95149152411821,0.9522515011791547,0.95149152411821,0.9924630709210662,0.995361294607016,"[[421, 0, 0, 1, 0, 0], [0, 160, 2, 0, 2, 1], [4, 2, 1764, 58, 51, 50], [1, 0, 3, 2073, 0, 0], [1, 0, 33, 3, 277, 18], [0, 0, 8, 1, 2, 2083]]"
100,200,FT_freeze_MLP,0.9467558237511385,0.9402466482289991,0.9467558237511385,0.9913108810613961,0.996358542296833,"[[422, 0, 0, 0, 0, 0], [0, 160, 2, 0, 2, 1], [7, 6, 1723, 14, 79, 100], [2, 0, 6, 2069, 0, 0], [2, 1, 27, 0, 274, 28], [0, 0, 5, 0, 3, 2086]]"
100,250,RF_original,0.9052357014984919,0.8533001295085373,0.9052357014984919,0.9783541508855663,0.9951598158221917,"[[420, 0, 2, 0, 0, 0], [0, 162, 0, 1, 1, 1], [8, 194, 1304, 130, 24, 269], [1, 1, 2, 2072, 0, 1], [2, 24, 6, 7, 260, 33], [0, 1, 0, 3, 1, 2089]]"
100,250,MLP_original,0.9246744783720012,0.8642136804470232,0.9246744783720012,0.9843483930847415,0.9952750553736444,"[[422, 0, 0, 0, 0, 0], [0, 161, 2, 0, 2, 0], [12, 174, 1456, 58, 92, 137], [1, 1, 3, 2072, 0, 0], [2, 15, 7, 0, 273, 35], [0, 2, 1, 1, 1, 2089]]"
100,250,RF_latent_zero,0.9150390286534037,0.8957847988154612,0.9150390286534037,0.9815056617032069,0.9920519112337308,"[[421, 0, 0, 1, 0, 0], [0, 162, 1, 1, 0, 1], [4, 56, 1441, 301, 27, 100], [1, 0, 1, 2075, 0, 0], [1, 18, 16, 13, 255, 29], [0, 1, 2, 4, 0, 2087]]"
100,250,MLP_latent_zero,0.9179283182088618,0.8562237033363078,0.9179283182088618,0.9833795575242451,0.9948964373410615,"[[422, 0, 0, 0, 0, 0], [0, 163, 1, 0, 0, 1], [20, 240, 1431, 54, 34, 150], [2, 3, 1, 2071, 0, 0], [3, 26, 8, 0, 260, 35], [0, 1, 2, 2, 0, 2089]]"
100,250,RF_few,0.9200360981058967,0.9458442146969253,0.9200360981058967,0.9934523754372652,0.9963543543383855,"[[410, 0, 8, 4, 0, 0], [0, 137, 27, 0, 0, 1], [3, 0, 1869, 13, 6, 38], [1, 0, 6, 2069, 0, 1], [0, 0, 66, 2, 252, 12], [0, 0, 12, 0, 0, 2082]]"
100,250,MLP_few,0.9478108052990558,0.9382901364432038,0.9478108052990558,0.9925098637021722,0.9958071432927996,"[[421, 0, 0, 1, 0, 0], [0, 155, 7, 0, 2, 1], [15, 2, 1745, 14, 110, 43], [1, 0, 3, 2072, 1, 0], [2, 0, 28, 1, 283, 18], [0, 0, 5, 0, 5, 2084]]"
100,250,FT_full_RF,0.9532891452339217,0.9535212769446217,0.9532891452339217,0.9937038989789612,0.9955677859077281,"[[421, 0, 0, 1, 0, 0], [0, 160, 2, 0, 2, 1], [5, 2, 1805, 44, 53, 20], [1, 0, 3, 2073, 0, 0], [2, 0, 36, 10, 274, 10], [0, 0, 9, 1, 4, 2080]]"
100,250,FT_full_MLP,0.9513612574416755,0.9459282646457838,0.9513612574416755,0.9925088321175758,0.9955469485152819,"[[422, 0, 0, 0, 0, 0], [0, 160, 2, 0, 2, 1], [6, 7, 1757, 14, 64, 81], [1, 0, 3, 2073, 0, 0], [2, 2, 30, 0, 277, 21], [0, 0, 6, 0, 4, 2084]]"
100,250,FT_freeze_RF,0.9553342354195126,0.9554998735037407,0.9553342354195126,0.9939542064708088,0.9954963903307715,"[[420, 0, 2, 0, 0, 0], [0, 160, 2, 0, 2, 1], [4, 2, 1810, 42, 52, 19], [1, 0, 3, 2073, 0, 0], [1, 0, 40, 5, 278, 8], [0, 0, 9, 1, 4, 2080]]"
100,250,FT_freeze_MLP,0.950442990475269,0.9462236258227308,0.950442990475269,0.9924603306970597,0.9959326066578202,"[[422, 0, 0, 0, 0, 0], [0, 160, 3, 0, 1, 1], [6, 6, 1758, 14, 66, 79], [1, 0, 4, 2072, 0, 0], [2, 1, 32, 0, 275, 22], [0, 0, 6, 0, 3, 2085]]"
150,50,RF_original,0.9052357014984919,0.8533001295085373,0.9052357014984919,0.9783541508855663,0.9951598158221917,"[[420, 0, 2, 0, 0, 0], [0, 162, 0, 1, 1, 1], [8, 194, 1304, 130, 24, 269], [1, 1, 2, 2072, 0, 1], [2, 24, 6, 7, 260, 33], [0, 1, 0, 3, 1, 2089]]"
150,50,MLP_original,0.9246744783720012,0.8642136804470232,0.9246744783720012,0.9843483930847415,0.9952750553736444,"[[422, 0, 0, 0, 0, 0], [0, 161, 2, 0, 2, 0], [12, 174, 1456, 58, 92, 137], [1, 1, 3, 2072, 0, 0], [2, 15, 7, 0, 273, 35], [0, 2, 1, 1, 1, 2089]]"
150,50,RF_latent_zero,0.9150390286534037,0.8957847988154612,0.9150390286534037,0.9815056617032069,0.9920519112337308,"[[421, 0, 0, 1, 0, 0], [0, 162, 1, 1, 0, 1], [4, 56, 1441, 301, 27, 100], [1, 0, 1, 2075, 0, 0], [1, 18, 16, 13, 255, 29], [0, 1, 2, 4, 0, 2087]]"
150,50,MLP_latent_zero,0.9179283182088618,0.8562237033363078,0.9179283182088618,0.9833795575242451,0.9948964373410615,"[[422, 0, 0, 0, 0, 0], [0, 163, 1, 0, 0, 1], [20, 240, 1431, 54, 34, 150], [2, 3, 1, 2071, 0, 0], [3, 26, 8, 0, 260, 35], [0, 1, 2, 2, 0, 2089]]"
150,50,RF_few,0.7579009236697914,0.7666288666153637,0.7579009236697914,0.9784810322084635,,"[[323, 0, 92, 7, 0, 0], [0, 146, 18, 0, 0, 1], [2, 0, 1764, 10, 0, 153], [1, 0, 28, 2047, 0, 1], [0, 0, 297, 0, 0, 35], [0, 0, 6, 0, 0, 2088]]"
150,50,MLP_few,0.7867244203605561,0.6918493574342052,0.7867244203605561,0.9779901973238115,0.9794991089317047,"[[397, 0, 16, 9, 0, 0], [0, 164, 0, 0, 0, 1], [27, 170, 1548, 13, 0, 171], [3, 1, 27, 2045, 0, 1], [120, 120, 51, 1, 0, 40], [1, 1, 1, 0, 0, 2091]]"
150,50,FT_full_RF,0.9324611526636867,0.9181585741254352,0.9324611526636867,0.9876592698119571,0.9917913143631437,"[[421, 0, 0, 1, 0, 0], [0, 163, 1, 0, 0, 1], [4, 36, 1627, 141, 34, 87], [1, 0, 3, 2073, 0, 0], [1, 18, 19, 9, 256, 29], [0, 1, 3, 3, 0, 2087]]"
150,50,FT_full_MLP,0.929138489652201,0.8805407832843574,0.929138489652201,0.9867616319737375,0.9953847021719402,"[[422, 0, 0, 0, 0, 0], [0, 163, 1, 0, 0, 1], [12, 162, 1554, 32, 36, 133], [1, 2, 1, 2073, 0, 0], [3, 22, 11, 0, 261, 35], [0, 1, 3, 2, 0, 2088]]"
150,50,FT_freeze_RF,0.9324618041187999,0.9211365814896736,0.9324618041187999,0.9875338267510635,0.9920011258966447,"[[421, 0, 0, 1, 0, 0], [0, 163, 1, 0, 0, 1], [4, 34, 1627, 167, 21, 76], [1, 0, 2, 2074, 0, 0], [2, 18, 18, 9, 256, 29], [0, 1, 3, 4, 0, 2086]]"
150,50,FT_freeze_MLP,0.9314876998678693,0.8883774031014079,0.9314876998678693,0.9875668527957964,0.9953068549450417,"[[422, 0, 0, 0, 0, 0], [0, 163, 1, 0, 0, 1], [9, 137, 1587, 34, 33, 129], [1, 2, 1, 2073, 0, 0], [2, 24, 13, 0, 260, 33], [0, 1, 3, 2, 0, 2088]]"
150,100,RF_original,0.9052357014984919,0.8533001295085373,0.9052357014984919,0.9783541508855663,0.9951598158221917,"[[420, 0, 2, 0, 0, 0], [0, 162, 0, 1, 1, 1], [8, 194, 1304, 130, 24, 269], [1, 1, 2, 2072, 0, 1], [2, 24, 6, 7, 260, 33], [0, 1, 0, 3, 1, 2089]]"
150,100,MLP_original,0.9246744783720012,0.8642136804470232,0.9246744783720012,0.9843483930847415,0.9952750553736444,"[[422, 0, 0, 0, 0, 0], [0, 161, 2, 0, 2, 0], [12, 174, 1456, 58, 92, 137], [1, 1, 3, 2072, 0, 0], [2, 15, 7, 0, 273, 35], [0, 2, 1, 1, 1, 2089]]"
150,100,RF_latent_zero,0.9150390286534037,0.8957847988154612,0.9150390286534037,0.9815056617032069,0.9920519112337308,"[[421, 0, 0, 1, 0, 0], [0, 162, 1, 1, 0, 1], [4, 56, 1441, 301, 27, 100], [1, 0, 1, 2075, 0, 0], [1, 18, 16, 13, 255, 29], [0, 1, 2, 4, 0, 2087]]"
150,100,MLP_latent_zero,0.9179283182088618,0.8562237033363078,0.9179283182088618,0.9833795575242451,0.9948964373410615,"[[422, 0, 0, 0, 0, 0], [0, 163, 1, 0, 0, 1], [20, 240, 1431, 54, 34, 150], [2, 3, 1, 2071, 0, 0], [3, 26, 8, 0, 260, 35], [0, 1, 2, 2, 0, 2089]]"
150,100,RF_few,0.8211850813531725,0.8465461996436323,0.8211850813531725,0.9857604416822067,0.994410585645448,"[[389, 0, 32, 1, 0, 0], [0, 142, 22, 0, 0, 1], [3, 1, 1855, 11, 4, 55], [1, 0, 29, 2047, 0, 0], [0, 0, 242, 1, 67, 22], [0, 0, 9, 0, 0, 2085]]"
150,100,MLP_few,0.821782640927973,0.7912508324999119,0.821782640927973,0.9857726309785209,0.9875144440918427,"[[410, 0, 10, 2, 0, 0], [0, 140, 24, 0, 1, 0], [8, 9, 1750, 11, 108, 43], [1, 0, 11, 2063, 1, 1], [36, 121, 86, 3, 72, 14], [0, 0, 6, 0, 8, 2080]]"
150,100,FT_full_RF,0.9418835649711927,0.9348710054641701,0.9418835649711927,0.9910089287754236,0.9953432053060184,"[[421, 0, 0, 1, 0, 0], [0, 162, 2, 0, 0, 1], [4, 23, 1734, 105, 26, 37], [1, 0, 3, 2073, 0, 0], [1, 14, 30, 11, 259, 17], [0, 0, 6, 2, 3, 2083]]"
150,100,FT_full_MLP,0.9419684381940178,0.9099819450687273,0.9419684381940178,0.9902261313767258,0.995709661740471,"[[422, 0, 0, 0, 0, 0], [0, 163, 1, 0, 0, 1], [8, 69, 1679, 22, 57, 94], [2, 2, 4, 2069, 0, 0], [2, 19, 18, 0, 266, 27], [0, 1, 5, 0, 2, 2086]]"
150,100,FT_freeze_RF,0.9427840620761833,0.9350289678709145,0.9427840620761833,0.9908275264056948,0.9950141117683285,"[[421, 0, 0, 1, 0, 0], [0, 163, 1, 0, 0, 1], [5, 24, 1726, 109, 23, 42], [1, 0, 3, 2073, 0, 0], [1, 15, 27, 9, 260, 20], [0, 0, 6, 2, 2, 2084]]"
150,100,FT_freeze_MLP,0.939844645549012,0.906961774718841,0.939844645549012,0.9899081879315751,0.9957562900586888,"[[422, 0, 0, 0, 0, 0], [0, 163, 1, 0, 0, 1], [7, 77, 1670, 22, 49, 104], [2, 2, 3, 2070, 0, 0], [2, 22, 16, 0, 263, 29], [0, 1, 4, 0, 2, 2087]]"
150,150,RF_original,0.9052357014984919,0.8533001295085373,0.9052357014984919,0.9783541508855663,0.9951598158221917,"[[420, 0, 2, 0, 0, 0], [0, 162, 0, 1, 1, 1], [8, 194, 1304, 130, 24, 269], [1, 1, 2, 2072, 0, 1], [2, 24, 6, 7, 260, 33], [0, 1, 0, 3, 1, 2089]]"
150,150,MLP_original,0.9246744783720012,0.8642136804470232,0.9246744783720012,0.9843483930847415,0.9952750553736444,"[[422, 0, 0, 0, 0, 0], [0, 161, 2, 0, 2, 0], [12, 174, 1456, 58, 92, 137], [1, 1, 3, 2072, 0, 0], [2, 15, 7, 0, 273, 35], [0, 2, 1, 1, 1, 2089]]"
150,150,RF_latent_zero,0.9150390286534037,0.8957847988154612,0.9150390286534037,0.9815056617032069,0.9920519112337308,"[[421, 0, 0, 1, 0, 0], [0, 162, 1, 1, 0, 1], [4, 56, 1441, 301, 27, 100], [1, 0, 1, 2075, 0, 0], [1, 18, 16, 13, 255, 29], [0, 1, 2, 4, 0, 2087]]"
150,150,MLP_latent_zero,0.9179283182088618,0.8562237033363078,0.9179283182088618,0.9833795575242451,0.9948964373410615,"[[422, 0, 0, 0, 0, 0], [0, 163, 1, 0, 0, 1], [20, 240, 1431, 54, 34, 150], [2, 3, 1, 2071, 0, 0], [3, 26, 8, 0, 260, 35], [0, 1, 2, 2, 0, 2089]]"
150,150,RF_few,0.9261299403009966,0.9490143718787859,0.9261299403009966,0.9933536876025145,0.9953027313978619,"[[402, 0, 15, 5, 0, 0], [0, 147, 17, 0, 0, 1], [4, 1, 1865, 14, 4, 41], [1, 0, 6, 2069, 0, 1], [0, 0, 64, 2, 251, 15], [0, 0, 11, 0, 1, 2082]]"
150,150,MLP_few,0.9394754811475616,0.9352870343057753,0.9394754811475616,0.9923483905113945,0.9949007004354588,"[[419, 0, 0, 2, 1, 0], [0, 155, 9, 0, 0, 1], [19, 7, 1769, 22, 73, 39], [1, 1, 5, 2070, 0, 0], [3, 2, 45, 1, 264, 17], [0, 0, 7, 0, 2, 2085]]"
150,150,FT_full_RF,0.9479318319831062,0.9445991956097481,0.9479318319831062,0.9927131527290644,0.9955819515151673,"[[422, 0, 0, 0, 0, 0], [0, 161, 3, 0, 0, 1], [4, 18, 1783, 58, 28, 38], [1, 0, 4, 2072, 0, 0], [1, 7, 39, 8, 264, 13], [0, 0, 7, 1, 3, 2083]]"
150,150,FT_full_MLP,0.9449931090028548,0.922034170725773,0.9449931090028548,0.9910806297829581,0.9960905565744724,"[[422, 0, 0, 0, 0, 0], [0, 163, 1, 0, 0, 1], [8, 48, 1714, 14, 45, 100], [2, 0, 5, 2070, 0, 0], [2, 19, 21, 0, 266, 24], [0, 0, 7, 0, 2, 2085]]"
150,150,FT_freeze_RF,0.9500366887617363,0.9434056009887016,0.9500366887617363,0.9927965689030066,0.9955233935663372,"[[421, 0, 1, 0, 0, 0], [0, 161, 3, 0, 0, 1], [4, 17, 1778, 43, 41, 46], [1, 0, 5, 2071, 0, 0], [1, 8, 33, 5, 270, 15], [0, 0, 6, 1, 4, 2083]]"
150,150,FT_freeze_MLP,0.9437190011503224,0.9211205750374735,0.9437190011503224,0.9907298959167012,0.996194530078195,"[[422, 0, 0, 0, 0, 0], [0, 163, 1, 0, 0, 1], [8, 46, 1706, 13, 44, 112], [2, 1, 6, 2068, 0, 0], [2, 19, 19, 0, 265, 27], [0, 1, 5, 0, 2, 2086]]"
150,200,RF_original,0.9052357014984919,0.8533001295085373,0.9052357014984919,0.9783541508855663,0.9951598158221917,"[[420, 0, 2, 0, 0, 0], [0, 162, 0, 1, 1, 1], [8, 194, 1304, 130, 24, 269], [1, 1, 2, 2072, 0, 1], [2, 24, 6, 7, 260, 33], [0, 1, 0, 3, 1, 2089]]"
150,200,MLP_original,0.9246744783720012,0.8642136804470232,0.9246744783720012,0.9843483930847415,0.9952750553736444,"[[422, 0, 0, 0, 0, 0], [0, 161, 2, 0, 2, 0], [12, 174, 1456, 58, 92, 137], [1, 1, 3, 2072, 0, 0], [2, 15, 7, 0, 273, 35], [0, 2, 1, 1, 1, 2089]]"
150,200,RF_latent_zero,0.9150390286534037,0.8957847988154612,0.9150390286534037,0.9815056617032069,0.9920519112337308,"[[421, 0, 0, 1, 0, 0], [0, 162, 1, 1, 0, 1], [4, 56, 1441, 301, 27, 100], [1, 0, 1, 2075, 0, 0], [1, 18, 16, 13, 255, 29], [0, 1, 2, 4, 0, 2087]]"
150,200,MLP_latent_zero,0.9179283182088618,0.8562237033363078,0.9179283182088618,0.9833795575242451,0.9948964373410615,"[[422, 0, 0, 0, 0, 0], [0, 163, 1, 0, 0, 1], [20, 240, 1431, 54, 34, 150], [2, 3, 1, 2071, 0, 0], [3, 26, 8, 0, 260, 35], [0, 1, 2, 2, 0, 2089]]"
150,200,RF_few,0.9273462238236493,0.9473462416582041,0.9273462238236493,0.9933588184008809,0.9962293615502982,"[[412, 0, 7, 3, 0, 0], [0, 143, 20, 0, 1, 1], [4, 0, 1852, 16, 16, 41], [1, 0, 7, 2069, 0, 0], [0, 0, 60, 3, 256, 13], [0, 0, 11, 0, 2, 2081]]"
150,200,MLP_few,0.9506622939431248,0.9382506473718252,0.9506622939431248,0.9927596038274733,0.9950660200904614,"[[421, 0, 0, 1, 0, 0], [0, 156, 7, 0, 2, 0], [19, 0, 1744, 14, 124, 28], [1, 0, 4, 2071, 1, 0], [4, 0, 26, 0, 287, 15], [0, 0, 6, 0, 4, 2084]]"
150,200,FT_full_RF,0.9543668675695395,0.9493031428078448,0.9543668675695395,0.9930002104669984,0.9960452714672755,"[[421, 0, 1, 0, 0, 0], [0, 161, 1, 0, 2, 1], [4, 2, 1770, 53, 76, 24], [1, 0, 3, 2073, 0, 0], [1, 0, 35, 9, 280, 7], [0, 0, 5, 1, 7, 2081]]"
150,200,FT_full_MLP,0.9522818693528451,0.9385332562798614,0.9522818693528451,0.9916579480332285,0.9962984375312113,"[[422, 0, 0, 0, 0, 0], [0, 161, 1, 0, 2, 1], [8, 11, 1719, 14, 89, 88], [2, 0, 5, 2070, 0, 0], [2, 3, 24, 0, 284, 19], [0, 0, 6, 0, 5, 2083]]"
150,200,FT_freeze_RF,0.954075031978272,0.9464709358850558,0.954075031978272,0.992031727410365,0.9959806522469243,"[[422, 0, 0, 0, 0, 0], [0, 161, 1, 0, 2, 1], [5, 2, 1733, 68, 84, 37], [1, 0, 3, 2073, 0, 0], [1, 0, 28, 8, 285, 10], [0, 0, 4, 1, 8, 2081]]"
150,200,FT_freeze_MLP,0.9501918607960674,0.9320198747017696,0.9501918607960674,0.990937147467022,0.9962497843535439,"[[422, 0, 0, 0, 0, 0], [0, 161, 1, 0, 2, 1], [9, 11, 1689, 14, 117, 89], [2, 0, 5, 2070, 0, 0], [2, 3, 19, 0, 285, 23], [0, 0, 5, 0, 6, 2083]]"
150,250,RF_original,0.9052357014984919,0.8533001295085373,0.9052357014984919,0.9783541508855663,0.9951598158221917,"[[420, 0, 2, 0, 0, 0], [0, 162, 0, 1, 1, 1], [8, 194, 1304, 130, 24, 269], [1, 1, 2, 2072, 0, 1], [2, 24, 6, 7, 260, 33], [0, 1, 0, 3, 1, 2089]]"
150,250,MLP_original,0.9246744783720012,0.8642136804470232,0.9246744783720012,0.9843483930847415,0.9952750553736444,"[[422, 0, 0, 0, 0, 0], [0, 161, 2, 0, 2, 0], [12, 174, 1456, 58, 92, 137], [1, 1, 3, 2072, 0, 0], [2, 15, 7, 0, 273, 35], [0, 2, 1, 1, 1, 2089]]"
150,250,RF_latent_zero,0.9150390286534037,0.8957847988154612,0.9150390286534037,0.9815056617032069,0.9920519112337308,"[[421, 0, 0, 1, 0, 0], [0, 162, 1, 1, 0, 1], [4, 56, 1441, 301, 27, 100], [1, 0, 1, 2075, 0, 0], [1, 18, 16, 13, 255, 29], [0, 1, 2, 4, 0, 2087]]"
150,250,MLP_latent_zero,0.9179283182088618,0.8562237033363078,0.9179283182088618,0.9833795575242451,0.9948964373410615,"[[422, 0, 0, 0, 0, 0], [0, 163, 1, 0, 0, 1], [20, 240, 1431, 54, 34, 150], [2, 3, 1, 2071, 0, 0], [3, 26, 8, 0, 260, 35], [0, 1, 2, 2, 0, 2089]]"
150,250,RF_few,0.9200360981058967,0.9458442146969253,0.9200360981058967,0.9934523754372652,0.9963543543383855,"[[410, 0, 8, 4, 0, 0], [0, 137, 27, 0, 0, 1], [3, 0, 1869, 13, 6, 38], [1, 0, 6, 2069, 0, 1], [0, 0, 66, 2, 252, 12], [0, 0, 12, 0, 0, 2082]]"
150,250,MLP_few,0.9465864926667882,0.940711636348779,0.9465864926667882,0.9930033775510542,0.9956693760298999,"[[422, 0, 0, 0, 0, 0], [0, 153, 9, 0, 3, 0], [24, 0, 1768, 13, 88, 36], [2, 0, 4, 2071, 0, 0], [3, 0, 30, 1, 280, 18], [0, 0, 5, 0, 5, 2084]]"
150,250,FT_full_RF,0.9469751126501976,0.9508229857133976,0.9469751126501976,0.9927291296227804,0.9954618272878056,"[[421, 0, 0, 1, 0, 0], [0, 161, 3, 0, 0, 1], [5, 11, 1793, 55, 15, 50], [1, 0, 3, 2073, 0, 0], [1, 5, 38, 8, 261, 19], [0, 0, 8, 3, 0, 2083]]"
150,250,FT_full_MLP,0.9456218208299201,0.9301205565065415,0.9456218208299201,0.9915352350697767,0.9962711225235639,"[[422, 0, 0, 0, 0, 0], [0, 163, 1, 0, 0, 1], [7, 41, 1735, 16, 24, 106], [1, 0, 3, 2073, 0, 0], [2, 17, 24, 0, 263, 26], [0, 0, 6, 0, 2, 2086]]"
150,250,FT_freeze_RF,0.9474443301110206,0.9496237985901631,0.9474443301110206,0.9924668022159729,0.9953092637497519,"[[421, 0, 0, 1, 0, 0], [0, 161, 3, 0, 0, 1], [4, 13, 1781, 55, 19, 57], [1, 0, 3, 2073, 0, 0], [1, 4, 35, 9, 264, 19], [0, 0, 8, 2, 1, 2083]]"
150,250,FT_freeze_MLP,0.9448442158532483,0.9298647431090434,0.9448442158532483,0.9912348095280811,0.9962065072672011,"[[422, 0, 0, 0, 0, 0], [0, 163, 1, 0, 0, 1], [6, 36, 1726, 17, 31, 113], [1, 0, 3, 2073, 0, 0], [2, 17, 22, 0, 263, 28], [0, 0, 6, 0, 2, 2086]]"
200,50,RF_original,0.9052357014984919,0.8533001295085373,0.9052357014984919,0.9783541508855663,0.9951598158221917,"[[420, 0, 2, 0, 0, 0], [0, 162, 0, 1, 1, 1], [8, 194, 1304, 130, 24, 269], [1, 1, 2, 2072, 0, 1], [2, 24, 6, 7, 260, 33], [0, 1, 0, 3, 1, 2089]]"
200,50,MLP_original,0.9246744783720012,0.8642136804470232,0.9246744783720012,0.9843483930847415,0.9952750553736444,"[[422, 0, 0, 0, 0, 0], [0, 161, 2, 0, 2, 0], [12, 174, 1456, 58, 92, 137], [1, 1, 3, 2072, 0, 0], [2, 15, 7, 0, 273, 35], [0, 2, 1, 1, 1, 2089]]"
200,50,RF_latent_zero,0.9150390286534037,0.8957847988154612,0.9150390286534037,0.9815056617032069,0.9920519112337308,"[[421, 0, 0, 1, 0, 0], [0, 162, 1, 1, 0, 1], [4, 56, 1441, 301, 27, 100], [1, 0, 1, 2075, 0, 0], [1, 18, 16, 13, 255, 29], [0, 1, 2, 4, 0, 2087]]"
200,50,MLP_latent_zero,0.9179283182088618,0.8562237033363078,0.9179283182088618,0.9833795575242451,0.9948964373410615,"[[422, 0, 0, 0, 0, 0], [0, 163, 1, 0, 0, 1], [20, 240, 1431, 54, 34, 150], [2, 3, 1, 2071, 0, 0], [3, 26, 8, 0, 260, 35], [0, 1, 2, 2, 0, 2089]]"
200,50,RF_few,0.7579009236697914,0.7666288666153637,0.7579009236697914,0.9784810322084635,,"[[323, 0, 92, 7, 0, 0], [0, 146, 18, 0, 0, 1], [2, 0, 1764, 10, 0, 153], [1, 0, 28, 2047, 0, 1], [0, 0, 297, 0, 0, 35], [0, 0, 6, 0, 0, 2088]]"
200,50,MLP_few,0.7722289813626686,0.682032644962213,0.7722289813626686,0.9763062280699923,0.982096768479162,"[[375, 1, 16, 30, 0, 0], [0, 164, 0, 0, 0, 1], [5, 283, 1478, 13, 2, 148], [1, 5, 21, 2049, 0, 1], [1, 270, 23, 1, 0, 37], [0, 4, 0, 0, 0, 2090]]"
200,50,FT_full_RF,0.9304575446598727,0.9173266670111212,0.9304575446598727,0.9866722156024735,0.9923883662686177,"[[421, 0, 0, 1, 0, 0], [0, 163, 1, 0, 0, 1], [4, 32, 1598, 172, 34, 89], [1, 0, 3, 2073, 0, 0], [1, 18, 15, 12, 257, 29], [0, 1, 2, 4, 0, 2087]]"
200,50,FT_full_MLP,0.928192937270757,0.8784735737575172,0.928192937270757,0.9864354680647919,0.9951452115303963,"[[422, 0, 0, 0, 0, 0], [0, 163, 1, 0, 0, 1], [11, 146, 1544, 31, 59, 138], [2, 2, 3, 2070, 0, 0], [2, 22, 12, 0, 261, 35], [0, 1, 2, 1, 0, 2090]]"
200,50,FT_freeze_RF,0.9312782505476586,0.9204053702420177,0.9312782505476586,0.9874581120321512,0.9915424318792668,"[[421, 0, 1, 0, 0, 0], [0, 162, 1, 1, 0, 1], [4, 31, 1625, 157, 29, 83], [1, 0, 3, 2073, 0, 0], [1, 17, 19, 10, 256, 29], [0, 1, 2, 4, 0, 2087]]"
200,50,FT_freeze_MLP,0.9310577716515422,0.8881246966246622,0.9310577716515422,0.987212577860392,0.9948530289918033,"[[422, 0, 0, 0, 0, 0], [0, 163, 1, 0, 0, 1], [7, 125, 1579, 35, 47, 136], [2, 2, 3, 2070, 0, 0], [2, 22, 12, 0, 261, 35], [0, 1, 3, 2, 0, 2088]]"
200,100,RF_original,0.9052357014984919,0.8533001295085373,0.9052357014984919,0.9783541508855663,0.9951598158221917,"[[420, 0, 2, 0, 0, 0], [0, 162, 0, 1, 1, 1], [8, 194, 1304, 130, 24, 269], [1, 1, 2, 2072, 0, 1], [2, 24, 6, 7, 260, 33], [0, 1, 0, 3, 1, 2089]]"
200,100,MLP_original,0.9246744783720012,0.8642136804470232,0.9246744783720012,0.9843483930847415,0.9952750553736444,"[[422, 0, 0, 0, 0, 0], [0, 161, 2, 0, 2, 0], [12, 174, 1456, 58, 92, 137], [1, 1, 3, 2072, 0, 0], [2, 15, 7, 0, 273, 35], [0, 2, 1, 1, 1, 2089]]"
200,100,RF_latent_zero,0.9150390286534037,0.8957847988154612,0.9150390286534037,0.9815056617032069,0.9920519112337308,"[[421, 0, 0, 1, 0, 0], [0, 162, 1, 1, 0, 1], [4, 56, 1441, 301, 27, 100], [1, 0, 1, 2075, 0, 0], [1, 18, 16, 13, 255, 29], [0, 1, 2, 4, 0, 2087]]"
200,100,MLP_latent_zero,0.9179283182088618,0.8562237033363078,0.9179283182088618,0.9833795575242451,0.9948964373410615,"[[422, 0, 0, 0, 0, 0], [0, 163, 1, 0, 0, 1], [20, 240, 1431, 54, 34, 150], [2, 3, 1, 2071, 0, 0], [3, 26, 8, 0, 260, 35], [0, 1, 2, 2, 0, 2089]]"
200,100,RF_few,0.8211850813531725,0.8465461996436323,0.8211850813531725,0.9857604416822067,0.994410585645448,"[[389, 0, 32, 1, 0, 0], [0, 142, 22, 0, 0, 1], [3, 1, 1855, 11, 4, 55], [1, 0, 29, 2047, 0, 0], [0, 0, 242, 1, 67, 22], [0, 0, 9, 0, 0, 2085]]"
200,100,MLP_few,0.8050867698324823,0.7379856154826184,0.8050867698324823,0.9823801079908797,0.9851208696300455,"[[415, 0, 4, 3, 0, 0], [0, 156, 7, 0, 2, 0], [23, 42, 1593, 12, 239, 20], [2, 1, 9, 2064, 0, 1], [16, 242, 33, 1, 29, 11], [0, 1, 2, 0, 8, 2083]]"
200,100,FT_full_RF,0.9429411910171077,0.9337680010455861,0.9429411910171077,0.9908913493364998,0.9953488379653895,"[[421, 0, 0, 1, 0, 0], [0, 162, 2, 0, 0, 1], [4, 19, 1723, 95, 44, 44], [1, 0, 3, 2073, 0, 0], [1, 13, 30, 9, 263, 16], [0, 0, 5, 2, 4, 2083]]"
200,100,FT_full_MLP,0.941696923312365,0.9101661418297358,0.941696923312365,0.990100798705252,0.9960038045494471,"[[422, 0, 0, 0, 0, 0], [0, 163, 1, 0, 0, 1], [8, 66, 1674, 22, 56, 103], [2, 2, 2, 2071, 0, 0], [2, 21, 16, 0, 266, 27], [0, 1, 4, 1, 2, 2086]]"
200,100,FT_freeze_RF,0.9453604065000869,0.9357402474488185,0.9453604065000869,0.991832763569621,0.9953745249821208,"[[421, 0, 0, 1, 0, 0], [0, 162, 2, 0, 0, 1], [4, 22, 1751, 74, 41, 37], [1, 0, 3, 2073, 0, 0], [1, 13, 32, 10, 263, 13], [0, 0, 6, 2, 3, 2083]]"
200,100,FT_freeze_MLP,0.9429765363211654,0.9099074876593072,0.9429765363211654,0.9904731529801594,0.9959942519595509,"[[422, 0, 0, 0, 0, 0], [0, 163, 1, 0, 0, 1], [8, 76, 1683, 19, 50, 93], [2, 2, 2, 2071, 0, 0], [2, 20, 17, 0, 267, 26], [0, 1, 5, 0, 2, 2086]]"
200,150,RF_original,0.9052357014984919,0.8533001295085373,0.9052357014984919,0.9783541508855663,0.9951598158221917,"[[420, 0, 2, 0, 0, 0], [0, 162, 0, 1, 1, 1], [8, 194, 1304, 130, 24, 269], [1, 1, 2, 2072, 0, 1], [2, 24, 6, 7, 260, 33], [0, 1, 0, 3, 1, 2089]]"
200,150,MLP_original,0.9246744783720012,0.8642136804470232,0.9246744783720012,0.9843483930847415,0.9952750553736444,"[[422, 0, 0, 0, 0, 0], [0, 161, 2, 0, 2, 0], [12, 174, 1456, 58, 92, 137], [1, 1, 3, 2072, 0, 0], [2, 15, 7, 0, 273, 35], [0, 2, 1, 1, 1, 2089]]"
200,150,RF_latent_zero,0.9150390286534037,0.8957847988154612,0.9150390286534037,0.9815056617032069,0.9920519112337308,"[[421, 0, 0, 1, 0, 0], [0, 162, 1, 1, 0, 1], [4, 56, 1441, 301, 27, 100], [1, 0, 1, 2075, 0, 0], [1, 18, 16, 13, 255, 29], [0, 1, 2, 4, 0, 2087]]"
200,150,MLP_latent_zero,0.9179283182088618,0.8562237033363078,0.9179283182088618,0.9833795575242451,0.9948964373410615,"[[422, 0, 0, 0, 0, 0], [0, 163, 1, 0, 0, 1], [20, 240, 1431, 54, 34, 150], [2, 3, 1, 2071, 0, 0], [3, 26, 8, 0, 260, 35], [0, 1, 2, 2, 0, 2089]]"
200,150,RF_few,0.9261299403009966,0.9490143718787859,0.9261299403009966,0.9933536876025145,0.9953027313978619,"[[402, 0, 15, 5, 0, 0], [0, 147, 17, 0, 0, 1], [4, 1, 1865, 14, 4, 41], [1, 0, 6, 2069, 0, 1], [0, 0, 64, 2, 251, 15], [0, 0, 11, 0, 1, 2082]]"
200,150,MLP_few,0.944451498865141,0.9350762153567165,0.944451498865141,0.9923720475170373,0.9947159604414962,"[[420, 0, 0, 2, 0, 0], [0, 157, 7, 0, 1, 0], [7, 7, 1754, 16, 111, 34], [2, 0, 5, 2070, 0, 0], [2, 0, 42, 0, 272, 16], [0, 0, 6, 0, 5, 2083]]"
200,150,FT_full_RF,0.9443407182708276,0.9490988609097037,0.9443407182708276,0.991270944442785,0.9953977442790588,"[[421, 0, 0, 1, 0, 0], [0, 161, 3, 0, 0, 1], [4, 5, 1746, 92, 31, 51], [1, 0, 3, 2073, 0, 0], [1, 0, 44, 7, 264, 16], [0, 0, 6, 3, 3, 2082]]"
200,150,FT_full_MLP,0.9425945141994932,0.9274791116779806,0.9425945141994932,0.990410063591307,0.9956717086488006,"[[422, 0, 0, 0, 0, 0], [0, 161, 3, 0, 0, 1], [7, 26, 1698, 24, 63, 111], [2, 2, 3, 2070, 0, 0], [2, 9, 26, 0, 268, 27], [0, 0, 5, 2, 2, 2085]]"
200,150,FT_freeze_RF,0.9479203556383379,0.9520869177663829,0.9479203556383379,0.9922015096765308,0.9954706837578523,"[[421, 0, 1, 0, 0, 0], [0, 161, 3, 0, 0, 1], [4, 4, 1770, 73, 33, 45], [1, 0, 3, 2073, 0, 0], [1, 0, 45, 6, 267, 13], [0, 0, 6, 2, 4, 2082]]"
200,150,FT_freeze_MLP,0.944418513030886,0.9367195770128243,0.944418513030886,0.9911041245174504,0.9956350768917775,"[[422, 0, 0, 0, 0, 0], [0, 161, 3, 0, 0, 1], [8, 17, 1724, 17, 58, 105], [2, 1, 4, 2070, 0, 0], [2, 2, 36, 0, 267, 25], [0, 0, 6, 0, 2, 2086]]"
200,200,RF_original,0.9052357014984919,0.8533001295085373,0.9052357014984919,0.9783541508855663,0.9951598158221917,"[[420, 0, 2, 0, 0, 0], [0, 162, 0, 1, 1, 1], [8, 194, 1304, 130, 24, 269], [1, 1, 2, 2072, 0, 1], [2, 24, 6, 7, 260, 33], [0, 1, 0, 3, 1, 2089]]"
200,200,MLP_original,0.9246744783720012,0.8642136804470232,0.9246744783720012,0.9843483930847415,0.9952750553736444,"[[422, 0, 0, 0, 0, 0], [0, 161, 2, 0, 2, 0], [12, 174, 1456, 58, 92, 137], [1, 1, 3, 2072, 0, 0], [2, 15, 7, 0, 273, 35], [0, 2, 1, 1, 1, 2089]]"
200,200,RF_latent_zero,0.9150390286534037,0.8957847988154612,0.9150390286534037,0.9815056617032069,0.9920519112337308,"[[421, 0, 0, 1, 0, 0], [0, 162, 1, 1, 0, 1], [4, 56, 1441, 301, 27, 100], [1, 0, 1, 2075, 0, 0], [1, 18, 16, 13, 255, 29], [0, 1, 2, 4, 0, 2087]]"
200,200,MLP_latent_zero,0.9179283182088618,0.8562237033363078,0.9179283182088618,0.9833795575242451,0.9948964373410615,"[[422, 0, 0, 0, 0, 0], [0, 163, 1, 0, 0, 1], [20, 240, 1431, 54, 34, 150], [2, 3, 1, 2071, 0, 0], [3, 26, 8, 0, 260, 35], [0, 1, 2, 2, 0, 2089]]"
200,200,RF_few,0.9273462238236493,0.9473462416582041,0.9273462238236493,0.9933588184008809,0.9962293615502982,"[[412, 0, 7, 3, 0, 0], [0, 143, 20, 0, 1, 1], [4, 0, 1852, 16, 16, 41], [1, 0, 7, 2069, 0, 0], [0, 0, 60, 3, 256, 13], [0, 0, 11, 0, 2, 2081]]"
200,200,MLP_few,0.95485558343078,0.9343615369818657,0.95485558343078,0.992605748663569,0.995071295191495,"[[421, 0, 0, 1, 0, 0], [0, 156, 6, 0, 3, 0], [12, 4, 1717, 14, 162, 20], [1, 0, 4, 2071, 0, 1], [2, 0, 24, 0, 300, 6], [0, 0, 3, 0, 7, 2084]]"
200,200,FT_full_RF,0.9490339756077056,0.9469971562596954,0.9490339756077056,0.9926575805720225,0.9956819045712075,"[[421, 0, 0, 1, 0, 0], [0, 161, 3, 0, 0, 1], [5, 11, 1778, 67, 42, 26], [1, 0, 3, 2073, 0, 0], [2, 2, 40, 10, 268, 10], [0, 0, 6, 2, 5, 2081]]"
200,200,FT_full_MLP,0.9469962874302139,0.9239821908748898,0.9469962874302139,0.9912724942690699,0.9962090093560657,"[[422, 0, 0, 0, 0, 0], [0, 163, 1, 0, 0, 1], [6, 39, 1713, 16, 66, 89], [1, 0, 3, 2073, 0, 0], [2, 16, 23, 0, 270, 21], [0, 0, 7, 1, 3, 2083]]"
200,200,FT_freeze_RF,0.9495083561629869,0.9490038990824504,0.9495083561629869,0.9932623242012882,0.9953619912363791,"[[421, 0, 1, 0, 0, 0], [0, 161, 4, 0, 0, 0], [5, 12, 1800, 47, 34, 31], [1, 0, 3, 2073, 0, 0], [2, 3, 44, 7, 265, 11], [0, 0, 9, 1, 2, 2082]]"
200,200,FT_freeze_MLP,0.9481990871052094,0.9278761647713137,0.9481990871052094,0.9916019262323034,0.9959002987319668,"[[422, 0, 0, 0, 0, 0], [0, 163, 1, 0, 0, 1], [7, 38, 1726, 14, 50, 94], [1, 0, 3, 2073, 0, 0], [2, 17, 22, 0, 270, 21], [0, 0, 7, 1, 2, 2084]]"
200,250,RF_original,0.9052357014984919,0.8533001295085373,0.9052357014984919,0.9783541508855663,0.9951598158221917,"[[420, 0, 2, 0, 0, 0], [0, 162, 0, 1, 1, 1], [8, 194, 1304, 130, 24, 269], [1, 1, 2, 2072, 0, 1], [2, 24, 6, 7, 260, 33], [0, 1, 0, 3, 1, 2089]]"
200,250,MLP_original,0.9246744783720012,0.8642136804470232,0.9246744783720012,0.9843483930847415,0.9952750553736444,"[[422, 0, 0, 0, 0, 0], [0, 161, 2, 0, 2, 0], [12, 174, 1456, 58, 92, 137], [1, 1, 3, 2072, 0, 0], [2, 15, 7, 0, 273, 35], [0, 2, 1, 1, 1, 2089]]"
200,250,RF_latent_zero,0.9150390286534037,0.8957847988154612,0.9150390286534037,0.9815056617032069,0.9920519112337308,"[[421, 0, 0, 1, 0, 0], [0, 162, 1, 1, 0, 1], [4, 56, 1441, 301, 27, 100], [1, 0, 1, 2075, 0, 0], [1, 18, 16, 13, 255, 29], [0, 1, 2, 4, 0, 2087]]"
200,250,MLP_latent_zero,0.9179283182088618,0.8562237033363078,0.9179283182088618,0.9833795575242451,0.9948964373410615,"[[422, 0, 0, 0, 0, 0], [0, 163, 1, 0, 0, 1], [20, 240, 1431, 54, 34, 150], [2, 3, 1, 2071, 0, 0], [3, 26, 8, 0, 260, 35], [0, 1, 2, 2, 0, 2089]]"
200,250,RF_few,0.9200360981058967,0.9458442146969253,0.9200360981058967,0.9934523754372652,0.9963543543383855,"[[410, 0, 8, 4, 0, 0], [0, 137, 27, 0, 0, 1], [3, 0, 1869, 13, 6, 38], [1, 0, 6, 2069, 0, 1], [0, 0, 66, 2, 252, 12], [0, 0, 12, 0, 0, 2082]]"
200,250,MLP_few,0.9457978542296573,0.9387010137341761,0.9457978542296573,0.9924640771060588,0.9955530039524008,"[[422, 0, 0, 0, 0, 0], [0, 155, 7, 0, 2, 1], [14, 3, 1752, 12, 96, 52], [1, 0, 4, 2071, 1, 0], [3, 0, 30, 1, 277, 21], [0, 0, 4, 0, 5, 2085]]"
200,250,FT_full_RF,0.9561016866953044,0.954519752971612,0.9561016866953044,0.9934829830925233,0.9955070634726026,"[[421, 0, 1, 0, 0, 0], [0, 161, 2, 0, 2, 0], [4, 2, 1791, 45, 56, 31], [1, 0, 3, 2073, 0, 0], [1, 0, 34, 7, 280, 10], [0, 0, 8, 1, 5, 2080]]"
200,250,FT_full_MLP,0.9545825983157288,0.9457203949574402,0.9545825983157288,0.9923165318897199,0.9955532398910077,"[[422, 0, 0, 0, 0, 0], [0, 161, 1, 0, 2, 1], [6, 9, 1741, 16, 68, 89], [1, 0, 3, 2073, 0, 0], [2, 3, 21, 0, 284, 22], [0, 0, 6, 0, 3, 2085]]"
200,250,FT_freeze_RF,0.9544867818144586,0.9533509318716239,0.9544867818144586,0.9932171091711454,0.9955900964897269,"[[421, 0, 1, 0, 0, 0], [0, 160, 3, 0, 2, 0], [4, 2, 1784, 50, 57, 32], [1, 0, 3, 2073, 0, 0], [1, 0, 36, 6, 280, 9], [0, 0, 9, 1, 4, 2080]]"
200,250,FT_freeze_MLP,0.9533961939263863,0.9423738065122368,0.9533961939263863,0.9920857282119117,0.9954729037646991,"[[422, 0, 0, 0, 0, 0], [0, 161, 1, 0, 2, 1], [6, 12, 1734, 16, 71, 90], [1, 0, 3, 2073, 0, 0], [2, 4, 21, 0, 283, 22], [0, 0, 6, 0, 4, 2084]]"
250,50,RF_original,0.9052357014984919,0.8533001295085373,0.9052357014984919,0.9783541508855663,0.9951598158221917,"[[420, 0, 2, 0, 0, 0], [0, 162, 0, 1, 1, 1], [8, 194, 1304, 130, 24, 269], [1, 1, 2, 2072, 0, 1], [2, 24, 6, 7, 260, 33], [0, 1, 0, 3, 1, 2089]]"
250,50,MLP_original,0.9246744783720012,0.8642136804470232,0.9246744783720012,0.9843483930847415,0.9952750553736444,"[[422, 0, 0, 0, 0, 0], [0, 161, 2, 0, 2, 0], [12, 174, 1456, 58, 92, 137], [1, 1, 3, 2072, 0, 0], [2, 15, 7, 0, 273, 35], [0, 2, 1, 1, 1, 2089]]"
250,50,RF_latent_zero,0.9150390286534037,0.8957847988154612,0.9150390286534037,0.9815056617032069,0.9920519112337308,"[[421, 0, 0, 1, 0, 0], [0, 162, 1, 1, 0, 1], [4, 56, 1441, 301, 27, 100], [1, 0, 1, 2075, 0, 0], [1, 18, 16, 13, 255, 29], [0, 1, 2, 4, 0, 2087]]"
250,50,MLP_latent_zero,0.9179283182088618,0.8562237033363078,0.9179283182088618,0.9833795575242451,0.9948964373410615,"[[422, 0, 0, 0, 0, 0], [0, 163, 1, 0, 0, 1], [20, 240, 1431, 54, 34, 150], [2, 3, 1, 2071, 0, 0], [3, 26, 8, 0, 260, 35], [0, 1, 2, 2, 0, 2089]]"
250,50,RF_few,0.7579009236697914,0.7666288666153637,0.7579009236697914,0.9784810322084635,,"[[323, 0, 92, 7, 0, 0], [0, 146, 18, 0, 0, 1], [2, 0, 1764, 10, 0, 153], [1, 0, 28, 2047, 0, 1], [0, 0, 297, 0, 0, 35], [0, 0, 6, 0, 0, 2088]]"
250,50,MLP_few,0.7809926221070732,0.6847776632669643,0.7809926221070732,0.9779434791308789,0.9857672600940471,"[[396, 1, 9, 16, 0, 0], [0, 164, 0, 0, 0, 1], [10, 347, 1476, 14, 0, 82], [1, 5, 13, 2058, 0, 0], [3, 279, 18, 1, 0, 31], [0, 5, 0, 0, 0, 2089]]"
250,50,FT_full_RF,0.9304869046234008,0.9193455938128041,0.9304869046234008,0.986766976670301,0.9925634972571684,"[[421, 0, 1, 0, 0, 0], [0, 163, 1, 0, 0, 1], [4, 32, 1606, 181, 26, 80], [1, 0, 4, 2072, 0, 0], [1, 17, 17, 12, 256, 29], [0, 1, 3, 4, 0, 2086]]"
250,50,FT_full_MLP,0.9289964716031794,0.8826701922988232,0.9289964716031794,0.9865689472253583,0.9950705370493691,"[[422, 0, 0, 0, 0, 0], [0, 163, 1, 0, 0, 1], [11, 135, 1557, 47, 50, 129], [2, 2, 5, 2068, 0, 0], [2, 23, 12, 1, 261, 33], [0, 1, 2, 3, 0, 2088]]"
250,50,FT_freeze_RF,0.9279092804371937,0.9183807025750456,0.9279092804371937,0.9860753767864039,0.9922222571328989,"[[421, 0, 0, 1, 0, 0], [0, 162, 1, 1, 0, 1], [4, 31, 1586, 207, 21, 80], [1, 0, 2, 2074, 0, 0], [2, 17, 14, 14, 256, 29], [0, 1, 3, 4, 0, 2086]]"
250,50,FT_freeze_MLP,0.9284432031656022,0.8790764113619295,0.9284432031656022,0.9863405134853922,0.9951643304766042,"[[422, 0, 0, 0, 0, 0], [0, 163, 1, 0, 0, 1], [13, 145, 1542, 45, 55, 129], [2, 2, 2, 2071, 0, 0], [2, 22, 12, 0, 262, 34], [0, 1, 2, 3, 0, 2088]]"
250,100,RF_original,0.9052357014984919,0.8533001295085373,0.9052357014984919,0.9783541508855663,0.9951598158221917,"[[420, 0, 2, 0, 0, 0], [0, 162, 0, 1, 1, 1], [8, 194, 1304, 130, 24, 269], [1, 1, 2, 2072, 0, 1], [2, 24, 6, 7, 260, 33], [0, 1, 0, 3, 1, 2089]]"
250,100,MLP_original,0.9246744783720012,0.8642136804470232,0.9246744783720012,0.9843483930847415,0.9952750553736444,"[[422, 0, 0, 0, 0, 0], [0, 161, 2, 0, 2, 0], [12, 174, 1456, 58, 92, 137], [1, 1, 3, 2072, 0, 0], [2, 15, 7, 0, 273, 35], [0, 2, 1, 1, 1, 2089]]"
250,100,RF_latent_zero,0.9150390286534037,0.8957847988154612,0.9150390286534037,0.9815056617032069,0.9920519112337308,"[[421, 0, 0, 1, 0, 0], [0, 162, 1, 1, 0, 1], [4, 56, 1441, 301, 27, 100], [1, 0, 1, 2075, 0, 0], [1, 18, 16, 13, 255, 29], [0, 1, 2, 4, 0, 2087]]"
250,100,MLP_latent_zero,0.9179283182088618,0.8562237033363078,0.9179283182088618,0.9833795575242451,0.9948964373410615,"[[422, 0, 0, 0, 0, 0], [0, 163, 1, 0, 0, 1], [20, 240, 1431, 54, 34, 150], [2, 3, 1, 2071, 0, 0], [3, 26, 8, 0, 260, 35], [0, 1, 2, 2, 0, 2089]]"
250,100,RF_few,0.8211850813531725,0.8465461996436323,0.8211850813531725,0.9857604416822067,0.994410585645448,"[[389, 0, 32, 1, 0, 0], [0, 142, 22, 0, 0, 1], [3, 1, 1855, 11, 4, 55], [1, 0, 29, 2047, 0, 0], [0, 0, 242, 1, 67, 22], [0, 0, 9, 0, 0, 2085]]"
250,100,MLP_few,0.8195046453759236,0.7603072488392452,0.8195046453759236,0.9831715118173739,0.9870668568910085,"[[416, 0, 5, 1, 0, 0], [0, 153, 9, 0, 3, 0], [10, 48, 1594, 14, 232, 31], [2, 1, 5, 2068, 0, 1], [17, 204, 36, 1, 62, 12], [0, 0, 1, 0, 9, 2084]]"
250,100,FT_full_RF,0.944292470114363,0.937779077374057,0.944292470114363,0.9916900973960021,0.995320697757634,"[[421, 0, 1, 0, 0, 0], [0, 163, 1, 0, 0, 1], [4, 25, 1756, 76, 18, 50], [1, 0, 3, 2073, 0, 0], [2, 15, 29, 10, 258, 18], [0, 0, 8, 3, 0, 2083]]"
250,100,FT_full_MLP,0.9404128861788648,0.914659907854842,0.9404128861788648,0.990330348670009,0.9959597145533728,"[[422, 0, 0, 0, 0, 0], [0, 163, 1, 0, 0, 1], [7, 67, 1694, 23, 29, 109], [2, 2, 2, 2071, 0, 0], [2, 21, 19, 0, 260, 30], [0, 1, 5, 1, 1, 2086]]"
250,100,FT_freeze_RF,0.9430231674453714,0.9360297907454042,0.9430231674453714,0.9916050947999988,0.9953586351249518,"[[421, 0, 1, 0, 0, 0], [0, 162, 2, 0, 0, 1], [5, 26, 1753, 74, 21, 50], [1, 0, 3, 2073, 0, 0], [2, 14, 34, 9, 258, 15], [0, 0, 8, 2, 1, 2083]]"
250,100,FT_freeze_MLP,0.9396414378135739,0.9118476214215275,0.9396414378135739,0.9901160915883628,0.9960562134246244,"[[422, 0, 0, 0, 0, 0], [0, 163, 1, 0, 0, 1], [9, 69, 1686, 24, 33, 108], [2, 2, 3, 2070, 0, 0], [2, 22, 18, 0, 260, 30], [0, 1, 5, 0, 2, 2086]]"
250,150,RF_original,0.9052357014984919,0.8533001295085373,0.9052357014984919,0.9783541508855663,0.9951598158221917,"[[420, 0, 2, 0, 0, 0], [0, 162, 0, 1, 1, 1], [8, 194, 1304, 130, 24, 269], [1, 1, 2, 2072, 0, 1], [2, 24, 6, 7, 260, 33], [0, 1, 0, 3, 1, 2089]]"
250,150,MLP_original,0.9246744783720012,0.8642136804470232,0.9246744783720012,0.9843483930847415,0.9952750553736444,"[[422, 0, 0, 0, 0, 0], [0, 161, 2, 0, 2, 0], [12, 174, 1456, 58, 92, 137], [1, 1, 3, 2072, 0, 0], [2, 15, 7, 0, 273, 35], [0, 2, 1, 1, 1, 2089]]"
250,150,RF_latent_zero,0.9150390286534037,0.8957847988154612,0.9150390286534037,0.9815056617032069,0.9920519112337308,"[[421, 0, 0, 1, 0, 0], [0, 162, 1, 1, 0, 1], [4, 56, 1441, 301, 27, 100], [1, 0, 1, 2075, 0, 0], [1, 18, 16, 13, 255, 29], [0, 1, 2, 4, 0, 2087]]"
250,150,MLP_latent_zero,0.9179283182088618,0.8562237033363078,0.9179283182088618,0.9833795575242451,0.9948964373410615,"[[422, 0, 0, 0, 0, 0], [0, 163, 1, 0, 0, 1], [20, 240, 1431, 54, 34, 150], [2, 3, 1, 2071, 0, 0], [3, 26, 8, 0, 260, 35], [0, 1, 2, 2, 0, 2089]]"
250,150,RF_few,0.9261299403009966,0.9490143718787859,0.9261299403009966,0.9933536876025145,0.9953027313978619,"[[402, 0, 15, 5, 0, 0], [0, 147, 17, 0, 0, 1], [4, 1, 1865, 14, 4, 41], [1, 0, 6, 2069, 0, 1], [0, 0, 64, 2, 251, 15], [0, 0, 11, 0, 1, 2082]]"
250,150,MLP_few,0.9381090998348113,0.9202265892976612,0.9381090998348113,0.990813997378453,0.9951953811238843,"[[420, 0, 0, 2, 0, 0], [0, 158, 6, 0, 0, 1], [30, 14, 1701, 26, 113, 45], [2, 1, 4, 2070, 0, 0], [2, 5, 35, 2, 266, 22], [0, 1, 5, 0, 2, 2086]]"
250,150,FT_full_RF,0.9485849261021221,0.9405755645466831,0.9485849261021221,0.9924293492694619,0.9957823791103378,"[[421, 0, 0, 1, 0, 0], [0, 161, 3, 0, 0, 1], [4, 20, 1767, 58, 41, 39], [1, 0, 4, 2072, 0, 0], [2, 9, 33, 7, 269, 12], [0, 0, 7, 2, 3, 2082]]"
250,150,FT_full_MLP,0.944809417767543,0.9214159093308348,0.944809417767543,0.9908786861746371,0.9960395665563203,"[[422, 0, 0, 0, 0, 0], [0, 163, 1, 0, 0, 1], [8, 45, 1707, 14, 52, 103], [2, 0, 7, 2068, 0, 0], [2, 18, 22, 0, 267, 23], [0, 1, 5, 0, 2, 2086]]"
250,150,FT_freeze_RF,0.9491118699730787,0.9476448515776114,0.9491118699730787,0.993243213293971,0.9953558415604083,"[[421, 0, 1, 0, 0, 0], [0, 161, 4, 0, 0, 0], [4, 17, 1804, 43, 26, 35], [1, 0, 5, 2071, 0, 0], [1, 5, 44, 6, 264, 12], [0, 0, 10, 1, 2, 2081]]"
250,150,FT_freeze_MLP,0.9453042225223073,0.9254867332700017,0.9453042225223073,0.9914100078683002,0.9958630454627885,"[[422, 0, 0, 0, 0, 0], [0, 163, 1, 0, 0, 1], [8, 46, 1732, 14, 36, 93], [2, 0, 7, 2068, 0, 0], [2, 17, 26, 0, 264, 23], [0, 0, 7, 1, 2, 2084]]"
250,200,RF_original,0.9052357014984919,0.8533001295085373,0.9052357014984919,0.9783541508855663,0.9951598158221917,"[[420, 0, 2, 0, 0, 0], [0, 162, 0, 1, 1, 1], [8, 194, 1304, 130, 24, 269], [1, 1, 2, 2072, 0, 1], [2, 24, 6, 7, 260, 33], [0, 1, 0, 3, 1, 2089]]"
250,200,MLP_original,0.9246744783720012,0.8642136804470232,0.9246744783720012,0.9843483930847415,0.9952750553736444,"[[422, 0, 0, 0, 0, 0], [0, 161, 2, 0, 2, 0], [12, 174, 1456, 58, 92, 137], [1, 1, 3, 2072, 0, 0], [2, 15, 7, 0, 273, 35], [0, 2, 1, 1, 1, 2089]]"
250,200,RF_latent_zero,0.9150390286534037,0.8957847988154612,0.9150390286534037,0.9815056617032069,0.9920519112337308,"[[421, 0, 0, 1, 0, 0], [0, 162, 1, 1, 0, 1], [4, 56, 1441, 301, 27, 100], [1, 0, 1, 2075, 0, 0], [1, 18, 16, 13, 255, 29], [0, 1, 2, 4, 0, 2087]]"
250,200,MLP_latent_zero,0.9179283182088618,0.8562237033363078,0.9179283182088618,0.9833795575242451,0.9948964373410615,"[[422, 0, 0, 0, 0, 0], [0, 163, 1, 0, 0, 1], [20, 240, 1431, 54, 34, 150], [2, 3, 1, 2071, 0, 0], [3, 26, 8, 0, 260, 35], [0, 1, 2, 2, 0, 2089]]"
250,200,RF_few,0.9273462238236493,0.9473462416582041,0.9273462238236493,0.9933588184008809,0.9962293615502982,"[[412, 0, 7, 3, 0, 0], [0, 143, 20, 0, 1, 1], [4, 0, 1852, 16, 16, 41], [1, 0, 7, 2069, 0, 0], [0, 0, 60, 3, 256, 13], [0, 0, 11, 0, 2, 2081]]"
250,200,MLP_few,0.9516768190779259,0.9311081688214685,0.9516768190779259,0.9923522684531139,0.9953657470131306,"[[421, 0, 0, 1, 0, 0], [0, 157, 5, 0, 3, 0], [17, 5, 1715, 15, 159, 18], [1, 0, 4, 2071, 1, 0], [3, 0, 25, 0, 292, 12], [0, 0, 2, 0, 8, 2084]]"
250,200,FT_full_RF,0.9507183591153465,0.9550313894529775,0.9507183591153465,0.9929582917138219,0.9957072114367055,"[[421, 0, 0, 1, 0, 0], [0, 161, 1, 0, 2, 1], [4, 3, 1788, 46, 34, 54], [1, 0, 3, 2073, 0, 0], [1, 0, 39, 5, 269, 18], [0, 0, 7, 1, 1, 2085]]"
250,200,FT_full_MLP,0.9487781049512775,0.94429002080433,0.9487781049512775,0.991513374365443,0.995986901968842,"[[422, 0, 0, 0, 0, 0], [0, 161, 1, 0, 2, 1], [6, 12, 1731, 18, 49, 113], [1, 0, 3, 2073, 0, 0], [2, 2, 28, 0, 274, 26], [0, 0, 6, 1, 1, 2086]]"
250,200,FT_freeze_RF,0.9527519785378017,0.9609513638111998,0.9527519785378017,0.993919697483317,0.9952482796801497,"[[421, 0, 1, 0, 0, 0], [0, 161, 1, 0, 2, 1], [4, 2, 1825, 39, 17, 42], [1, 0, 3, 2073, 0, 0], [1, 0, 42, 6, 267, 16], [0, 0, 9, 1, 1, 2083]]"
250,200,FT_freeze_MLP,0.95132331962502,0.9537709637464893,0.95132331962502,0.9925931908673474,0.9954318993252046,"[[422, 0, 0, 0, 0, 0], [0, 161, 2, 0, 1, 1], [7, 6, 1773, 17, 29, 97], [1, 0, 3, 2073, 0, 0], [2, 1, 31, 0, 272, 26], [0, 0, 7, 1, 1, 2085]]"
250,250,RF_original,0.9052357014984919,0.8533001295085373,0.9052357014984919,0.9783541508855663,0.9951598158221917,"[[420, 0, 2, 0, 0, 0], [0, 162, 0, 1, 1, 1], [8, 194, 1304, 130, 24, 269], [1, 1, 2, 2072, 0, 1], [2, 24, 6, 7, 260, 33], [0, 1, 0, 3, 1, 2089]]"
250,250,MLP_original,0.9246744783720012,0.8642136804470232,0.9246744783720012,0.9843483930847415,0.9952750553736444,"[[422, 0, 0, 0, 0, 0], [0, 161, 2, 0, 2, 0], [12, 174, 1456, 58, 92, 137], [1, 1, 3, 2072, 0, 0], [2, 15, 7, 0, 273, 35], [0, 2, 1, 1, 1, 2089]]"
250,250,RF_latent_zero,0.9150390286534037,0.8957847988154612,0.9150390286534037,0.9815056617032069,0.9920519112337308,"[[421, 0, 0, 1, 0, 0], [0, 162, 1, 1, 0, 1], [4, 56, 1441, 301, 27, 100], [1, 0, 1, 2075, 0, 0], [1, 18, 16, 13, 255, 29], [0, 1, 2, 4, 0, 2087]]"
250,250,MLP_latent_zero,0.9179283182088618,0.8562237033363078,0.9179283182088618,0.9833795575242451,0.9948964373410615,"[[422, 0, 0, 0, 0, 0], [0, 163, 1, 0, 0, 1], [20, 240, 1431, 54, 34, 150], [2, 3, 1, 2071, 0, 0], [3, 26, 8, 0, 260, 35], [0, 1, 2, 2, 0, 2089]]"
250,250,RF_few,0.9200360981058967,0.9458442146969253,0.9200360981058967,0.9934523754372652,0.9963543543383855,"[[410, 0, 8, 4, 0, 0], [0, 137, 27, 0, 0, 1], [3, 0, 1869, 13, 6, 38], [1, 0, 6, 2069, 0, 1], [0, 0, 66, 2, 252, 12], [0, 0, 12, 0, 0, 2082]]"
250,250,MLP_few,0.9467903939491461,0.9347749378796032,0.9467903939491461,0.9923951724443277,0.9955981908103703,"[[421, 0, 0, 1, 0, 0], [0, 155, 7, 0, 3, 0], [25, 4, 1739, 14, 108, 39], [1, 0, 3, 2072, 1, 0], [3, 0, 30, 0, 282, 17], [0, 0, 3, 0, 7, 2084]]"
250,250,FT_full_RF,0.9530955247176421,0.9603439035151745,0.9530955247176421,0.9939654556091804,0.9958009792464798,"[[421, 0, 0, 1, 0, 0], [0, 160, 3, 0, 1, 1], [4, 2, 1826, 47, 19, 31], [1, 0, 3, 2073, 0, 0], [2, 0, 41, 10, 270, 9], [0, 0, 9, 1, 4, 2080]]"
250,250,FT_full_MLP,0.9513397149106725,0.953679190740974,0.9513397149106725,0.9927648476678591,0.9958480431240352,"[[422, 0, 0, 0, 0, 0], [0, 161, 2, 0, 1, 1], [7, 6, 1779, 15, 27, 95], [1, 0, 3, 2073, 0, 0], [2, 2, 33, 0, 271, 24], [0, 0, 7, 0, 2, 2085]]"
250,250,FT_freeze_RF,0.9537860060207003,0.9620065959966322,0.9537860060207003,0.9941477342410026,0.9958241929120294,"[[421, 0, 0, 1, 0, 0], [0, 161, 2, 0, 1, 1], [4, 2, 1833, 44, 15, 31], [1, 0, 3, 2073, 0, 0], [1, 0, 41, 10, 268, 12], [0, 0, 9, 1, 3, 2081]]"
250,250,FT_freeze_MLP,0.9512533143577091,0.9522276165806879,0.9512533143577091,0.9927500563615275,0.9961131900444781,"[[422, 0, 0, 0, 0, 0], [0, 161, 2, 0, 1, 1], [7, 10, 1778, 14, 25, 95], [1, 0, 3, 2073, 0, 0], [2, 2, 32, 0, 271, 25], [0, 0, 7, 0, 2, 2085]]"
